index,source_program_key,source_opponent_label,canonical_opponent_key,canonical_opponent_name,current_d1,games_with_source_label,first_season,last_season,resolution_status,resolution_method,user_choice,audit_note
0,purdue,Akron,akron,Akron,Yes,3,1999-2000,2025-2026,RESOLVED,Current D1 registry / established institutional lineage,,
1,purdue,Alabama,alabama,Alabama,Yes,11,1976-1977,2025-2026,RESOLVED,Current D1 registry / established institutional lineage,,
2,purdue,Alabama A&M,alabama-a-and-m,Alabama A&M,Yes,1,2000-2001,2000-2001,RESOLVED,Current D1 registry / established institutional lineage,,
3,purdue,Alaska-Anchorage,alaska-anchorage,Alaska-Anchorage,No,1,1985-1986,1985-1986,RESOLVED,Established historical/non-current identity or institutional lineage,,
4,purdue,Alcorn State,alcorn-state,Alcorn State,Yes,1,2010-2011,2010-2011,RESOLVED,Current D1 registry / established institutional lineage,,
5,purdue,Alumni,alumni,Alumni,No,2,1903-1904,1904-1905,RESOLVED,Established historical/non-current identity or institutional lineage,,
6,purdue,Appalachian St.,app-state,App State,Yes,1,2018-2019,2018-2019,RESOLVED,Current D1 registry / established institutional lineage,,
7,purdue,Appalachian State,app-state,App State,Yes,1,2000-2001,2000-2001,RESOLVED,Current D1 registry / established institutional lineage,,
8,purdue,Arizona,arizona,Arizona,Yes,14,1933-1934,2025-2026,RESOLVED,Current D1 registry / established institutional lineage,,
9,purdue,Arizona State,arizona-state,Arizona State,Yes,6,1968-1969,2016-2017,RESOLVED,Current D1 registry / established institutional lineage,,
10,purdue,Arkansas,arkansas,Arkansas,Yes,2,1938-1939,1982-1983,RESOLVED,Current D1 registry / established institutional lineage,,
11,purdue,Arkansas State,arkansas-state,Arkansas State,Yes,1,2014-2015,2014-2015,RESOLVED,Current D1 registry / established institutional lineage,,
12,purdue,Arkansas-Pine Bluff,arkansas-pine-bluff,Arkansas-Pine Bluff,Yes,1,2008-2009,2008-2009,RESOLVED,Current D1 registry / established institutional lineage,,
13,purdue,Armour Institute,armour-institute,Armour Institute,No,1,1903-1904,1903-1904,RESOLVED,Established historical/non-current identity or institutional lineage,,
14,purdue,Armour Tech,armour-tech,Armour Tech,No,1,1906-1907,1906-1907,RESOLVED,Established historical/non-current identity or institutional lineage,,
15,purdue,Army,army,Army,Yes,1,1966-1967,1966-1967,RESOLVED,Current D1 registry / established institutional lineage,,
16,purdue,Auburn,auburn,Auburn,Yes,5,1984-1985,2025-2026,RESOLVED,Current D1 registry / established institutional lineage,,
17,purdue,Austin Peay,austin-peay,Austin Peay,Yes,3,1994-1995,2022-2023,RESOLVED,Current D1 registry / established institutional lineage,,
18,purdue,Ball State,ball-state,Ball State,Yes,12,1960-1961,2018-2019,RESOLVED,Current D1 registry / established institutional lineage,,
19,purdue,Baylor,baylor,Baylor,Yes,3,2003-2004,2007-2008,RESOLVED,Current D1 registry / established institutional lineage,,
20,purdue,Bellarmine,bellarmine,Bellarmine,Yes,1,2021-2022,2021-2022,RESOLVED,Current D1 registry / established institutional lineage,,
21,purdue,Belmont,belmont,Belmont,Yes,2,2002-2003,2018-2019,RESOLVED,Current D1 registry / established institutional lineage,,
22,purdue,Bethune-Cookman,bethune-cookman,Bethune-Cookman,Yes,1,2007-2008,2007-2008,RESOLVED,Current D1 registry / established institutional lineage,,
23,purdue,Birmingham,birmingham,Birmingham,No,2,1901-1902,1901-1902,RESOLVED,Established historical/non-current identity or institutional lineage,,
24,purdue,Boston College,boston-college,Boston College,Yes,3,1978-1979,2013-2014,RESOLVED,Current D1 registry / established institutional lineage,,
25,purdue,Boston University,boston-university,Boston University,Yes,2,1982-1983,1983-1984,RESOLVED,Current D1 registry / established institutional lineage,,
26,purdue,Bowling Green,bowling-green,Bowling Green,Yes,2,1973-1974,1996-1997,RESOLVED,Current D1 registry / established institutional lineage,,
27,purdue,Bradley,bradley,Bradley,Yes,8,1936-1937,1981-1982,RESOLVED,Current D1 registry / established institutional lineage,,
28,purdue,Bucknell,bucknell,Bucknell,Yes,1,2012-2013,2012-2013,RESOLVED,Current D1 registry / established institutional lineage,,
29,purdue,Buffalo,buffalo,Buffalo,Yes,1,2009-2010,2009-2010,RESOLVED,Current D1 registry / established institutional lineage,,
30,purdue,Bunker Hill AFB,bunker-hill-afb,Bunker Hill AFB,No,1,1944-1945,1944-1945,RESOLVED,Established historical/non-current identity or institutional lineage,,
31,purdue,Butler,butler,Butler,Yes,60,1900-1901,2021-2022,RESOLVED,Current D1 registry / established institutional lineage,,
32,purdue,BYU,byu,BYU,Yes,2,1978-1979,2014-2015,RESOLVED,Current D1 registry / established institutional lineage,,
33,purdue,Cal State Northridge,cal-state-northridge,Cal State Northridge,Yes,1,2009-2010,2009-2010,RESOLVED,Current D1 registry / established institutional lineage,,
34,purdue,Cal State-Fullerton,cal-state-fullerton,Cal State Fullerton,Yes,1,2017-2018,2017-2018,RESOLVED,Current D1 registry / established institutional lineage,,
35,purdue,California,california,California,Yes,6,1935-1936,1990-1991,RESOLVED,Current D1 registry / established institutional lineage,,
36,purdue,Camp Atterbury,camp-atterbury,Camp Atterbury,No,1,1945-1946,1945-1946,RESOLVED,Established historical/non-current identity or institutional lineage,,
37,purdue,Camp Benning,camp-benning,Camp Benning,No,1,1921-1922,1921-1922,RESOLVED,Established historical/non-current identity or institutional lineage,,
38,purdue,Carleton,carleton,Carleton,No,1,1926-1927,1926-1927,RESOLVED,Established historical/non-current identity or institutional lineage,,
39,purdue,Case West. Reserve,case-western-reserve,Case Western Reserve,No,1,1949-1950,1949-1950,RESOLVED,Established historical/non-current identity or institutional lineage,,Historical Case Western Reserve identity; non-current D1.
40,purdue,Central Conn. St.,central-connecticut,Central Connecticut,Yes,1,2013-2014,2013-2014,RESOLVED,Current D1 registry / established institutional lineage,,
41,purdue,Central Michigan,central-michigan,Central Michigan,Yes,8,1978-1979,2019-2020,RESOLVED,Current D1 registry / established institutional lineage,,
42,purdue,Cham. of Commerce,cham-of-commerce,Cham. of Commerce,No,1,1921-1922,1921-1922,RESOLVED,Established historical/non-current identity or institutional lineage,,
43,purdue,Chaminade,chaminade,Chaminade,No,1,1999-2000,1999-2000,RESOLVED,Established historical/non-current identity or institutional lineage,,
44,purdue,Charlotte,charlotte,Charlotte,Yes,1,1995-1996,1995-1996,RESOLVED,Current D1 registry / established institutional lineage,,
45,purdue,Chattanooga,chattanooga,Chattanooga,Yes,4,1901-1902,1994-1995,RESOLVED,Current D1 registry / established institutional lineage,,
46,purdue,Chicago,chicago,Chicago,No,57,1904-1905,1943-1944,RESOLVED,Established historical/non-current identity or institutional lineage,,
47,purdue,Chicago State,chicago-state,Chicago State,Yes,4,2003-2004,2019-2020,RESOLVED,Current D1 registry / established institutional lineage,,
48,purdue,Cincinnati,cincinnati,Cincinnati,Yes,4,1901-1902,2014-2015,RESOLVED,Current D1 registry / established institutional lineage,,
49,purdue,Cincy Ath. Club,cincy-ath-club,Cincy Ath. Club,No,1,1920-1921,1920-1921,RESOLVED,Established historical/non-current identity or institutional lineage,,
50,purdue,Clemson,clemson,Clemson,Yes,6,1971-1972,2020-2021,RESOLVED,Current D1 registry / established institutional lineage,,
51,purdue,Cleveland State,cleveland-state,Cleveland State,Yes,1,2016-2017,2016-2017,RESOLVED,Current D1 registry / established institutional lineage,,
52,purdue,Colgate,colgate,Colgate,Yes,1,1921-1922,1921-1922,RESOLVED,Current D1 registry / established institutional lineage,,
53,purdue,Colorado,colorado,Colorado,Yes,2,1987-1988,1988-1989,RESOLVED,Current D1 registry / established institutional lineage,,
54,purdue,Colorado State,colorado-state,Colorado State,Yes,5,1979-1980,2004-2005,RESOLVED,Current D1 registry / established institutional lineage,,
55,purdue,Columbia,columbia,Columbia,Yes,1,1968-1969,1968-1969,RESOLVED,Current D1 registry / established institutional lineage,,
56,purdue,Connecticut,uconn,Connecticut,Yes,6,1938-1939,2023-2024,RESOLVED,Current D1 registry / established institutional lineage,,
57,purdue,Coppin State,coppin-state,Coppin State,Yes,3,1999-2000,2011-2012,RESOLVED,Current D1 registry / established institutional lineage,,
58,purdue,Cornell,cornell,Cornell,Yes,1,1996-1997,1996-1997,RESOLVED,Current D1 registry / established institutional lineage,,
59,purdue,Creighton,creighton,Creighton,Yes,1,1960-1961,1960-1961,RESOLVED,Current D1 registry / established institutional lineage,,
60,purdue,Culver,culver,Culver,No,1,1900-1901,1900-1901,RESOLVED,Established historical/non-current identity or institutional lineage,,
61,purdue,Danville,danville,Danville,No,1,1900-1901,1900-1901,RESOLVED,Established historical/non-current identity or institutional lineage,,
62,purdue,Dartmouth,dartmouth,Dartmouth,Yes,2,1963-1964,1969-1970,RESOLVED,Current D1 registry / established institutional lineage,,
63,purdue,Davidson,davidson,Davidson,Yes,3,2008-2009,2022-2023,RESOLVED,Current D1 registry / established institutional lineage,,
64,purdue,Dayton,dayton,Dayton,Yes,4,1978-1979,2001-2002,RESOLVED,Current D1 registry / established institutional lineage,,
65,purdue,Delaware,delaware,Delaware,Yes,1,1997-1998,1997-1998,RESOLVED,Current D1 registry / established institutional lineage,,
66,purdue,Delaware State,delaware-state,Delaware State,Yes,1,2006-2007,2006-2007,RESOLVED,Current D1 registry / established institutional lineage,,
67,purdue,Denver,denver,Denver,Yes,1,1937-1938,1937-1938,RESOLVED,Current D1 registry / established institutional lineage,,
68,purdue,DePaul,depaul,DePaul,Yes,21,1934-1935,2006-2007,RESOLVED,Current D1 registry / established institutional lineage,,
69,purdue,DePauw,depauw,DePauw,No,22,1903-1904,1951-1952,RESOLVED,Established historical/non-current identity or institutional lineage,,
70,purdue,DePauw V-5,depauw-v-5,DePauw V-5,No,2,1943-1944,1943-1944,RESOLVED,Established historical/non-current identity or institutional lineage,,
71,purdue,Detroit Mercy,detroit-mercy,Detroit Mercy,Yes,17,1937-1938,2008-2009,RESOLVED,Current D1 registry / established institutional lineage,,
72,purdue,Drake,drake,Drake,Yes,5,1948-1949,1963-1964,RESOLVED,Current D1 registry / established institutional lineage,,
73,purdue,Duke,duke,Duke,Yes,8,1972-1973,2022-2023,RESOLVED,Current D1 registry / established institutional lineage,,
74,purdue,Duquesne,duquesne,Duquesne,Yes,1,2000-2001,2000-2001,RESOLVED,Current D1 registry / established institutional lineage,,
75,purdue,Earlham,earlham,Earlham,No,7,1904-1905,1923-1924,RESOLVED,Established historical/non-current identity or institutional lineage,,
76,purdue,East Carolina,east-carolina,East Carolina,Yes,1,1990-1991,1990-1991,RESOLVED,Current D1 registry / established institutional lineage,,
77,purdue,East Tennessee State,east-tennessee-state,East Tennessee State,Yes,1,1992-1993,1992-1993,RESOLVED,Current D1 registry / established institutional lineage,,
78,purdue,Eastern Illinois,eastern-illinois,Eastern Illinois,Yes,6,1982-1983,2025-2026,RESOLVED,Current D1 registry / established institutional lineage,,
79,purdue,Eastern Kentucky,eastern-kentucky,Eastern Kentucky,Yes,1,2023-2024,2023-2024,RESOLVED,Current D1 registry / established institutional lineage,,
80,purdue,Eastern Michigan,eastern-michigan,Eastern Michigan,Yes,5,1971-1972,2013-2014,RESOLVED,Current D1 registry / established institutional lineage,,
81,purdue,Emroes,emroes,Emroes,No,2,1919-1920,1920-1921,RESOLVED,Established historical/non-current identity or institutional lineage,,
82,purdue,Evansville,evansville,Evansville,Yes,15,1928-1929,2025-2026,RESOLVED,Current D1 registry / established institutional lineage,,
83,purdue,Fairfield,fairfield,Fairfield,Yes,2,2017-2018,2018-2019,RESOLVED,Current D1 registry / established institutional lineage,,
84,purdue,Fairl. Dickinson,fairleigh-dickinson,Fairleigh Dickinson,Yes,1,1987-1988,1987-1988,RESOLVED,Current D1 registry / established institutional lineage,,
85,purdue,Fairleigh Dickinson,fairleigh-dickinson,Fairleigh Dickinson,Yes,1,2022-2023,2022-2023,RESOLVED,Current D1 registry / established institutional lineage,,
86,purdue,Florida,florida,Florida,Yes,7,1980-1981,2015-2016,RESOLVED,Current D1 registry / established institutional lineage,,
87,purdue,Florida A&M,florida-a-m,Florida A&M,Yes,2,1997-1998,2022-2023,RESOLVED,Current D1 registry / established institutional lineage,,
88,purdue,Florida International,florida-international,Florida International,Yes,1,2000-2001,2000-2001,RESOLVED,Current D1 registry / established institutional lineage,,
89,purdue,Florida Int’l,florida-international,Florida International,Yes,1,2007-2008,2007-2008,RESOLVED,Current D1 registry / established institutional lineage,,
90,purdue,Florida State,florida-state,Florida State,Yes,6,1974-1975,2022-2023,RESOLVED,Current D1 registry / established institutional lineage,,
91,purdue,Fordham,fordham,Fordham,Yes,1,1934-1935,1934-1935,RESOLVED,Current D1 registry / established institutional lineage,,
92,purdue,Franklin,franklin,Franklin,No,8,1916-1917,1927-1928,RESOLVED,Established historical/non-current identity or institutional lineage,,
93,purdue,Fresno State,fresno-state,Fresno State,Yes,2,1982-1983,1983-1984,RESOLVED,Current D1 registry / established institutional lineage,,
94,purdue,Ft. Wayne K of C,fort-wayne-k-of-c,Ft. Wayne K of C,No,1,1919-1920,1919-1920,RESOLVED,Established historical/non-current identity or institutional lineage,,
95,purdue,Furman,furman,Furman,Yes,1,1990-1991,1990-1991,RESOLVED,Current D1 registry / established institutional lineage,,
96,purdue,Gardner-Webb,gardner-webb,Gardner-Webb,Yes,1,2014-2015,2014-2015,RESOLVED,Current D1 registry / established institutional lineage,,
97,purdue,Georgetown,georgetown,Georgetown,Yes,2,1966-1967,1976-1977,RESOLVED,Current D1 registry / established institutional lineage,,
98,purdue,Georgia,georgia,Georgia,Yes,4,1981-1982,1995-1996,RESOLVED,Current D1 registry / established institutional lineage,,
99,purdue,Georgia Southern,georgia-southern,Georgia Southern,Yes,1,1993-1994,1993-1994,RESOLVED,Current D1 registry / established institutional lineage,,
100,purdue,Georgia State,georgia-state,Georgia State,Yes,1,2016-2017,2016-2017,RESOLVED,Current D1 registry / established institutional lineage,,
101,purdue,Georgia Tech,georgia-tech,Georgia Tech,Yes,3,1980-1981,2006-2007,RESOLVED,Current D1 registry / established institutional lineage,,
102,purdue,Gonzaga,gonzaga,Gonzaga,Yes,5,1998-1999,2023-2024,RESOLVED,Current D1 registry / established institutional lineage,,
103,purdue,Grambling,grambling,Grambling,Yes,2,2014-2015,2023-2024,RESOLVED,Current D1 registry / established institutional lineage,,
104,purdue,Great Lakes,great-lakes,Great Lakes,No,9,1941-1942,1945-1946,RESOLVED,Established historical/non-current identity or institutional lineage,,
105,purdue,Green Bay,green-bay,Green Bay,Yes,4,1991-1992,2019-2020,RESOLVED,Current D1 registry / established institutional lineage,,
106,purdue,Hanover,hanover,Hanover,No,1,1923-1924,1923-1924,RESOLVED,Established historical/non-current identity or institutional lineage,,
107,purdue,Hawai’i,hawai-i,Hawai'i,Yes,5,1966-1967,1988-1989,RESOLVED,Current D1 registry / established institutional lineage,,
108,purdue,High Point,high-point,High Point,Yes,2,2011-2012,2024-2025,RESOLVED,Current D1 registry / established institutional lineage,,
109,purdue,Hofstra,hofstra,Hofstra,Yes,2,2012-2013,2022-2023,RESOLVED,Current D1 registry / established institutional lineage,,
110,purdue,Houston,houston,Houston,Yes,4,1981-1982,2024-2025,RESOLVED,Current D1 registry / established institutional lineage,,
111,purdue,Howard,howard,Howard,Yes,2,2010-2011,2015-2016,RESOLVED,Current D1 registry / established institutional lineage,,
112,purdue,Idaho,idaho,Idaho,Yes,1,1996-1997,1996-1997,RESOLVED,Current D1 registry / established institutional lineage,,
113,purdue,Idaho State,idaho-state,Idaho State,Yes,1,1969-1970,1969-1970,RESOLVED,Current D1 registry / established institutional lineage,,
114,purdue,Illinois,illinois,Illinois,Yes,199,1905-1906,2025-2026,RESOLVED,Current D1 registry / established institutional lineage,,
115,purdue,Illinois State,illinois-state,Illinois State,Yes,8,1973-1974,2000-2001,RESOLVED,Current D1 registry / established institutional lineage,,
116,purdue,Illinois-Chicago,uic,UIC,Yes,3,1995-1996,2001-2002,RESOLVED,Current D1 registry / established institutional lineage,,
117,purdue,Incarnate Word,incarnate-word,Incarnate Word,Yes,2,2015-2016,2021-2022,RESOLVED,Current D1 registry / established institutional lineage,,
118,purdue,Indiana,indiana,Indiana,Yes,223,1900-1901,2025-2026,RESOLVED,Current D1 registry / established institutional lineage,,
119,purdue,Indiana State,indiana-state,Indiana State,Yes,35,1901-1902,2021-2022,RESOLVED,Current D1 registry / established institutional lineage,,
120,purdue,Iona,iona,Iona,Yes,1,2011-2012,2011-2012,RESOLVED,Current D1 registry / established institutional lineage,,
121,purdue,Iowa,iowa,Iowa,Yes,178,1908-1909,2025-2026,RESOLVED,Current D1 registry / established institutional lineage,,
122,purdue,Iowa State,iowa-state,Iowa State,Yes,6,1987-1988,2025-2026,RESOLVED,Current D1 registry / established institutional lineage,,
123,purdue,IU Indianapolis,iu-indianapolis,IU Indy,Yes,3,2014-2015,2017-2018,RESOLVED,Current D1 registry / established institutional lineage,,
124,purdue,Jackson State,jackson-state,Jackson State,Yes,1,1981-1982,1981-1982,RESOLVED,Current D1 registry / established institutional lineage,,
125,purdue,Jacksonville,jacksonville,Jacksonville,Yes,2,1973-1974,2023-2024,RESOLVED,Current D1 registry / established institutional lineage,,
126,purdue,Jacksonville State,jacksonville-state,Jacksonville State,Yes,1,2019-2020,2019-2020,RESOLVED,Current D1 registry / established institutional lineage,,
127,purdue,James Madison,james-madison,James Madison,Yes,2,1993-1994,1994-1995,RESOLVED,Current D1 registry / established institutional lineage,,
128,purdue,Kansas,kansas,Kansas,Yes,6,1948-1949,2016-2017,RESOLVED,Current D1 registry / established institutional lineage,,
129,purdue,Kansas State,kansas-state,Kansas State,Yes,9,1950-1951,2014-2015,RESOLVED,Current D1 registry / established institutional lineage,,
130,purdue,Kent State,kent-state,Kent State,Yes,4,1969-1970,2025-2026,RESOLVED,Current D1 registry / established institutional lineage,,
131,purdue,Kentucky,kentucky,Kentucky,Yes,8,1949-1950,1997-1998,RESOLVED,Current D1 registry / established institutional lineage,,
132,purdue,Kokomo K of C,kokomo-k-of-c,Kokomo K of C,No,1,1919-1920,1919-1920,RESOLVED,Established historical/non-current identity or institutional lineage,,
133,purdue,La Salle,la-salle,La Salle,Yes,2,1979-1980,1998-1999,RESOLVED,Current D1 registry / established institutional lineage,,
134,purdue,La.-Monroe,ul-monroe,UL Monroe,Yes,1,1989-1990,1989-1990,RESOLVED,Current D1 registry / established institutional lineage,,
135,purdue,Lafayette,lafayette,Lafayette,Yes,1,1998-1999,1998-1999,RESOLVED,Current D1 registry / established institutional lineage,,
136,purdue,Lafayette H.S.,lafayette-h-s,Lafayette H.S.,No,3,1900-1901,1900-1901,RESOLVED,Established historical/non-current identity or institutional lineage,,
137,purdue,Lafayette YMCA,lafayette-ymca,Lafayette YMCA,No,3,1896-1897,1910-1911,RESOLVED,Established historical/non-current identity or institutional lineage,,
138,purdue,Lamar,lamar,Lamar,Yes,2,1985-1986,2012-2013,RESOLVED,Current D1 registry / established institutional lineage,,
139,purdue,Lehigh,lehigh,Lehigh,Yes,1,2015-2016,2015-2016,RESOLVED,Current D1 registry / established institutional lineage,,
140,purdue,Liberty,liberty,Liberty,Yes,1,2020-2021,2020-2021,RESOLVED,Current D1 registry / established institutional lineage,,
141,purdue,Lipscomb,lipscomb,Lipscomb,Yes,2,2007-2008,2017-2018,RESOLVED,Current D1 registry / established institutional lineage,,
142,purdue,Little Rock,little-rock,Little Rock,Yes,2,1987-1988,2015-2016,RESOLVED,Current D1 registry / established institutional lineage,,
143,purdue,LIU Brooklyn,long-island-university,LIU,Yes,1,1997-1998,1997-1998,RESOLVED,Current D1 registry / established institutional lineage,,Historical LIU Brooklyn branding normalized to current Long Island University lineage.
144,purdue,Logansport C.C.,logansport-c-c,Logansport C.C.,No,2,1900-1901,1900-1901,RESOLVED,Established historical/non-current identity or institutional lineage,,
145,purdue,Long Beach State,long-beach-state,Long Beach State,Yes,3,1988-1989,1996-1997,RESOLVED,Current D1 registry / established institutional lineage,,
146,purdue,Louisiana,louisiana,Louisiana,Yes,1,1978-1979,1978-1979,RESOLVED,Current D1 registry / established institutional lineage,,
147,purdue,Louisiana State,lsu,LSU,Yes,1,2002-2003,2002-2003,RESOLVED,Current D1 registry / established institutional lineage,,
148,purdue,Louisiana-Monroe,ul-monroe,UL Monroe,Yes,1,1997-1998,1997-1998,RESOLVED,Current D1 registry / established institutional lineage,,
149,purdue,Louisville,louisville,Louisville,Yes,18,1945-1946,2017-2018,RESOLVED,Current D1 registry / established institutional lineage,,
150,purdue,Loyola Chicago,loyola-chicago,Loyola Chicago,Yes,12,1929-1930,2008-2009,RESOLVED,Current D1 registry / established institutional lineage,,
151,purdue,Loyola Marymount,loyola-marymount,Loyola Marymount,Yes,1,1980-1981,1980-1981,RESOLVED,Current D1 registry / established institutional lineage,,
152,purdue,LSU,lsu,LSU,Yes,1,1985-1986,1985-1986,RESOLVED,Current D1 registry / established institutional lineage,,
153,purdue,Manhattan,manhattan,Manhattan,Yes,2,1969-1970,1976-1977,RESOLVED,Current D1 registry / established institutional lineage,,
154,purdue,Manual H.S.,manual-h-s,Manual H.S.,No,1,1903-1904,1903-1904,RESOLVED,Established historical/non-current identity or institutional lineage,,
155,purdue,Marquette,marquette,Marquette,Yes,14,1931-1932,2025-2026,RESOLVED,Current D1 registry / established institutional lineage,,
156,purdue,Marshall,marshall,Marshall,Yes,2,1970-1971,2024-2025,RESOLVED,Current D1 registry / established institutional lineage,,
157,purdue,Maryland,maryland,Maryland,Yes,17,2014-2015,2025-2026,RESOLVED,Current D1 registry / established institutional lineage,,
158,purdue,Massachusetts,massachusetts,Massachusetts,Yes,2,1990-1991,1997-1998,RESOLVED,Current D1 registry / established institutional lineage,,
159,purdue,McNeese,mcneese,McNeese,Yes,2,2016-2017,2024-2025,RESOLVED,Current D1 registry / established institutional lineage,,
160,purdue,Md.-Eastern Shore,maryland-eastern-shore,Maryland Eastern Shore,Yes,1,2013-2014,2013-2014,RESOLVED,Current D1 registry / established institutional lineage,,
161,purdue,Memphis,memphis,Memphis,Yes,7,1983-1984,2025-2026,RESOLVED,Current D1 registry / established institutional lineage,,
162,purdue,Miami (FL),miami,Miami (FL),Yes,1,2025-2026,2025-2026,RESOLVED,Current D1 registry / established institutional lineage,,Current source wording normalized to the established Miami (FL) program identity.
163,purdue,"Miami, Fla.",miami,Miami (FL),Yes,4,1987-1988,2020-2021,RESOLVED,Current D1 registry / established institutional lineage,,Historical source wording normalized to Miami (FL).
164,purdue,"Miami, Ohio",miami-oh,Miami (OH),Yes,18,1930-1931,2004-2005,RESOLVED,Current D1 registry / established institutional lineage,,
165,purdue,Michigan,michigan,Michigan,Yes,173,1920-1921,2025-2026,RESOLVED,Current D1 registry / established institutional lineage,,
166,purdue,Michigan State,michigan-state,Michigan State,Yes,135,1909-1910,2025-2026,RESOLVED,Current D1 registry / established institutional lineage,,
167,purdue,Middle Tennessee St.,middle-tennessee,Middle Tennessee,Yes,1,2002-2003,2002-2003,RESOLVED,Current D1 registry / established institutional lineage,,
168,purdue,Milwaukee,milwaukee,Milwaukee,Yes,2,2004-2005,2022-2023,RESOLVED,Current D1 registry / established institutional lineage,,
169,purdue,Minneosta,minnesota,Minnesota,Yes,1,1915-1916,1915-1916,RESOLVED,Current D1 registry / established institutional lineage,,Purdue guide spelling normalized to Minnesota.
170,purdue,Minnesota,minnesota,Minnesota,Yes,195,1903-1904,2025-2026,RESOLVED,Current D1 registry / established institutional lineage,,
171,purdue,Mississippi State,mississippi-state,Mississippi State,Yes,1,1984-1985,1984-1985,RESOLVED,Current D1 registry / established institutional lineage,,
172,purdue,Missouri,missouri,Missouri,Yes,12,1925-1926,2014-2015,RESOLVED,Current D1 registry / established institutional lineage,,
173,purdue,Missouri State,missouri-state,Missouri State,Yes,4,1991-1992,2007-2008,RESOLVED,Current D1 registry / established institutional lineage,,
174,purdue,Monmouth,monmouth,Monmouth,Yes,2,1931-1932,1938-1939,RESOLVED,Current D1 registry / established institutional lineage,,
175,purdue,Montana,montana,Montana,Yes,2,1936-1937,2002-2003,RESOLVED,Current D1 registry / established institutional lineage,,
176,purdue,Montana State,montana-state,Montana State,Yes,3,1929-1930,1959-1960,RESOLVED,Current D1 registry / established institutional lineage,,
177,purdue,Morehead State,morehead-state,Morehead State,Yes,3,1985-1986,2023-2024,RESOLVED,Current D1 registry / established institutional lineage,,
178,purdue,Murray State,murray-state,Murray State,Yes,2,1995-1996,1999-2000,RESOLVED,Current D1 registry / established institutional lineage,,
179,purdue,N.A. Gym College,n-a-gym-college,N.A. Gym College,No,1,1919-1920,1919-1920,RESOLVED,Established historical/non-current identity or institutional lineage,,
180,purdue,Nebraska,nebraska,Nebraska,Yes,30,1947-1948,2025-2026,RESOLVED,Current D1 registry / established institutional lineage,,
181,purdue,Nevada,nevada,Nevada,Yes,1,1961-1962,1961-1962,RESOLVED,Current D1 registry / established institutional lineage,,
182,purdue,New Castle YMCA,new-castle-ymca,New Castle YMCA,No,1,1919-1920,1919-1920,RESOLVED,Established historical/non-current identity or institutional lineage,,
183,purdue,New Mexico,new-mexico,New Mexico,Yes,2,1963-1964,2015-2016,RESOLVED,Current D1 registry / established institutional lineage,,
184,purdue,New Mexico State,new-mexico-state,New Mexico State,Yes,1,1967-1968,1967-1968,RESOLVED,Current D1 registry / established institutional lineage,,
185,purdue,New Orleans,new-orleans,New Orleans,Yes,5,1993-1994,2022-2023,RESOLVED,Current D1 registry / established institutional lineage,,
186,purdue,New York U.,new-york-u,NYU,No,1,1935-1936,1935-1936,RESOLVED,Established historical/non-current identity or institutional lineage,,Historical NYU identity; non-current D1.
187,purdue,Niagara,niagara,Niagara,Yes,1,1994-1995,1994-1995,RESOLVED,Current D1 registry / established institutional lineage,,
188,purdue,Nicholls,nicholls,Nicholls,Yes,1,2021-2022,2021-2022,RESOLVED,Current D1 registry / established institutional lineage,,
189,purdue,NJIT,njit,NJIT,Yes,1,2016-2017,2016-2017,RESOLVED,Current D1 registry / established institutional lineage,,
190,purdue,Norfolk State,norfolk-state,Norfolk State,Yes,1,2016-2017,2016-2017,RESOLVED,Current D1 registry / established institutional lineage,,
191,purdue,North Carolina,north-carolina,North Carolina,Yes,11,1968-1969,2021-2022,RESOLVED,Current D1 registry / established institutional lineage,,
192,purdue,North Carolina A&T,north-carolina-a-t,North Carolina A&T,Yes,1,2015-2016,2015-2016,RESOLVED,Current D1 registry / established institutional lineage,,
193,purdue,North Carolina St.,nc-state,NC State,Yes,5,1971-1972,2024-2025,RESOLVED,Current D1 registry / established institutional lineage,,
194,purdue,North Carolina State,nc-state,NC State,Yes,3,1973-1974,2014-2015,RESOLVED,Current D1 registry / established institutional lineage,,
195,purdue,North Dakota,north-dakota,North Dakota,Yes,1,1968-1969,1968-1969,RESOLVED,Current D1 registry / established institutional lineage,,
196,purdue,North Division H.S.,north-division-h-s,North Division H.S.,No,1,1903-1904,1903-1904,RESOLVED,Established historical/non-current identity or institutional lineage,,
197,purdue,North Florida,north-florida,North Florida,Yes,2,2010-2011,2014-2015,RESOLVED,Current D1 registry / established institutional lineage,,
198,purdue,North Texas,north-texas,North Texas,Yes,2,1970-1971,2020-2021,RESOLVED,Current D1 registry / established institutional lineage,,
199,purdue,Northeastern,northeastern,Northeastern,Yes,2,1983-1984,1986-1987,RESOLVED,Current D1 registry / established institutional lineage,,
200,purdue,Northern Colorado,northern-colorado,Northern Colorado,Yes,2,1978-1979,2006-2007,RESOLVED,Current D1 registry / established institutional lineage,,
201,purdue,Northern Illinois,northern-illinois,Northern Illinois,Yes,2,1971-1972,2011-2012,RESOLVED,Current D1 registry / established institutional lineage,,
202,purdue,Northern Iowa,northern-iowa,Northern Iowa,Yes,1,2008-2009,2008-2009,RESOLVED,Current D1 registry / established institutional lineage,,
203,purdue,Northern Kentucky,northern-kentucky,Northern Kentucky,Yes,2,2013-2014,2024-2025,RESOLVED,Current D1 registry / established institutional lineage,,
204,purdue,Northern Michigan,northern-michigan,Northern Michigan,No,1,1967-1968,1967-1968,RESOLVED,Established historical/non-current identity or institutional lineage,,
205,purdue,Northwestern,northwestern,Northwestern,Yes,186,1907-1908,2025-2026,RESOLVED,Current D1 registry / established institutional lineage,,
206,purdue,Notre Dame,notre-dame,Notre Dame,Yes,45,1916-1917,2020-2021,RESOLVED,Current D1 registry / established institutional lineage,,
207,purdue,Oakland,oakland,Oakland,Yes,4,2001-2002,2025-2026,RESOLVED,Current D1 registry / established institutional lineage,,
208,purdue,Ohio,ohio,Ohio,Yes,8,1964-1965,2019-2020,RESOLVED,Current D1 registry / established institutional lineage,,
209,purdue,Ohio State,ohio-state,Ohio State,Yes,189,1904-1905,2025-2026,RESOLVED,Current D1 registry / established institutional lineage,,
210,purdue,Oklahoma,oklahoma,Oklahoma,Yes,10,1962-1963,2008-2009,RESOLVED,Current D1 registry / established institutional lineage,,
211,purdue,Oklahoma State,oklahoma-state,Oklahoma State,Yes,2,1991-1992,2013-2014,RESOLVED,Current D1 registry / established institutional lineage,,
212,purdue,Old Dominion,old-dominion,Old Dominion,Yes,3,1978-1979,2018-2019,RESOLVED,Current D1 registry / established institutional lineage,,
213,purdue,Ole Miss,ole-miss,Ole Miss,Yes,2,1933-1934,2024-2025,RESOLVED,Current D1 registry / established institutional lineage,,
214,purdue,Omaha,omaha,Omaha,Yes,1,2021-2022,2021-2022,RESOLVED,Current D1 registry / established institutional lineage,,
215,purdue,Oregon,oregon,Oregon,Yes,6,1939-1940,2025-2026,RESOLVED,Current D1 registry / established institutional lineage,,
216,purdue,Oregon State,oregon-state,Oregon State,Yes,1,2012-2013,2012-2013,RESOLVED,Current D1 registry / established institutional lineage,,
217,purdue,Pacific,pacific,Pacific,Yes,1,1958-1959,1958-1959,RESOLVED,Current D1 registry / established institutional lineage,,
218,purdue,Penn,pennsylvania,Penn,Yes,3,1950-1951,1969-1970,RESOLVED,Current D1 registry / established institutional lineage,,
219,purdue,Penn State,penn-state,Penn State,Yes,62,1959-1960,2025-2026,RESOLVED,Current D1 registry / established institutional lineage,,
220,purdue,Pittsburgh,pittsburgh,Pittsburgh,Yes,11,1930-1931,2015-2016,RESOLVED,Current D1 registry / established institutional lineage,,
221,purdue,Portland,portland,Portland,Yes,2,1964-1965,1993-1994,RESOLVED,Current D1 registry / established institutional lineage,,
222,purdue,Prairie View A&M,prairie-view-a-m,Prairie View A&M,Yes,1,1991-1992,1991-1992,RESOLVED,Current D1 registry / established institutional lineage,,
223,purdue,Princeton,princeton,Princeton,Yes,2,1955-1956,1956-1957,RESOLVED,Current D1 registry / established institutional lineage,,
224,purdue,Providence,providence,Providence,Yes,7,1973-1974,1998-1999,RESOLVED,Current D1 registry / established institutional lineage,,
225,purdue,Purdue Fort Wayne,purdue-fort-wayne,Purdue Fort Wayne,Yes,6,2003-2004,2014-2015,RESOLVED,Current D1 registry / established institutional lineage,,
226,purdue,Queens,queens-university,Queens University,Yes,1,2025-2026,2025-2026,RESOLVED,Current D1 registry / established institutional lineage,,
227,purdue,Radford,radford,Radford,Yes,1,2001-2002,2001-2002,RESOLVED,Current D1 registry / established institutional lineage,,
228,purdue,Rhode Island,rhode-island,Rhode Island,Yes,3,1980-1981,1996-1997,RESOLVED,Current D1 registry / established institutional lineage,,
229,purdue,Rice,rice,Rice,Yes,1,1939-1940,1939-1940,RESOLVED,Current D1 registry / established institutional lineage,,
230,purdue,Richmond,richmond,Richmond,Yes,1,2010-2011,2010-2011,RESOLVED,Current D1 registry / established institutional lineage,,
231,purdue,Rider,rider,Rider,Yes,1,2013-2014,2013-2014,RESOLVED,Current D1 registry / established institutional lineage,,
232,purdue,Robert Morris,robert-morris,Robert Morris,Yes,3,1982-1983,2018-2019,RESOLVED,Current D1 registry / established institutional lineage,,
233,purdue,Rochester,rochester,Rochester,No,1,1966-1967,1966-1967,RESOLVED,Established historical/non-current identity or institutional lineage,,
234,purdue,Rollins,rollins,Rollins,No,1,1982-1983,1982-1983,RESOLVED,Established historical/non-current identity or institutional lineage,,
235,purdue,Rose Poly,rose-hulman,Rose-Hulman,No,16,1902-1903,1924-1925,RESOLVED,Established historical/non-current identity or institutional lineage,,Historical Rose Polytechnic Institute lineage normalized to Rose-Hulman.
236,purdue,Rutgers,rutgers,Rutgers,Yes,25,1953-1954,2025-2026,RESOLVED,Current D1 registry / established institutional lineage,,
237,purdue,Saint Joseph’s,saint-joseph-s,Saint Joseph's,Yes,2,1971-1972,2009-2010,RESOLVED,Current D1 registry / established institutional lineage,,
238,purdue,Saint Louis,saint-louis,Saint Louis,Yes,5,1932-1933,1990-1991,RESOLVED,Current D1 registry / established institutional lineage,,
239,purdue,Saint Mary’s,saint-mary-s,Saint Mary's,Yes,1,2011-2012,2011-2012,RESOLVED,Current D1 registry / established institutional lineage,,
240,purdue,Saint Peter’s,saint-peter-s,Saint Peter's,Yes,2,2010-2011,2021-2022,RESOLVED,Current D1 registry / established institutional lineage,,
241,purdue,Samford,samford,Samford,Yes,3,2003-2004,2023-2024,RESOLVED,Current D1 registry / established institutional lineage,,
242,purdue,San Diego,san-diego,San Diego,Yes,1,2002-2003,2002-2003,RESOLVED,Current D1 registry / established institutional lineage,,
243,purdue,San Diego State,san-diego-state,San Diego State,Yes,3,1974-1975,1977-1978,RESOLVED,Current D1 registry / established institutional lineage,,
244,purdue,San Francisco,san-francisco,San Francisco,Yes,2,1993-1994,1997-1998,RESOLVED,Current D1 registry / established institutional lineage,,
245,purdue,San Francisco State,san-francisco-state,San Francisco State,No,1,1985-1986,1985-1986,RESOLVED,Established historical/non-current identity or institutional lineage,,
246,purdue,San Jose State,san-jose-state,San Jose State,Yes,2,1971-1972,1972-1973,RESOLVED,Current D1 registry / established institutional lineage,,
247,purdue,Santa Clara,santa-clara,Santa Clara,Yes,5,1978-1979,2012-2013,RESOLVED,Current D1 registry / established institutional lineage,,
248,purdue,SE Louisiana,se-louisiana,SE Louisiana,Yes,1,1979-1980,1979-1980,RESOLVED,Current D1 registry / established institutional lineage,,
249,purdue,SE Missouri State,southeast-missouri-state,SEMO,Yes,2,1984-1985,2006-2007,RESOLVED,Current D1 registry / established institutional lineage,,
250,purdue,Seton Hall,seton-hall,Seton Hall,Yes,3,1993-1994,2003-2004,RESOLVED,Current D1 registry / established institutional lineage,,
251,purdue,Siena,siena,Siena,Yes,3,2009-2010,2013-2014,RESOLVED,Current D1 registry / established institutional lineage,,
252,purdue,SIU Edwardsville,siu-edwardsville,SIU Edwardsville,Yes,2,2009-2010,2017-2018,RESOLVED,Current D1 registry / established institutional lineage,,
253,purdue,SIU-Edwardsville,siu-edwardsville,SIU Edwardsville,Yes,1,1973-1974,1973-1974,RESOLVED,Current D1 registry / established institutional lineage,,
254,purdue,SMU,smu,SMU,Yes,4,1939-1940,2003-2004,RESOLVED,Current D1 registry / established institutional lineage,,
255,purdue,South Alabama,south-alabama,South Alabama,Yes,1,2005-2006,2005-2006,RESOLVED,Current D1 registry / established institutional lineage,,
256,purdue,South Carolina,south-carolina,South Carolina,Yes,3,1982-1983,1998-1999,RESOLVED,Current D1 registry / established institutional lineage,,
257,purdue,South Dakota,south-dakota,South Dakota,Yes,3,1957-1958,1964-1965,RESOLVED,Current D1 registry / established institutional lineage,,
258,purdue,South Dakota St.,south-dakota-state,South Dakota State,Yes,1,2009-2010,2009-2010,RESOLVED,Current D1 registry / established institutional lineage,,
259,purdue,Southern Illinois,southern-illinois,Southern Illinois,Yes,3,1984-1985,2010-2011,RESOLVED,Current D1 registry / established institutional lineage,,
260,purdue,St. Bonaventure,st-bonaventure,St. Bonaventure,Yes,2,1969-1970,1970-1971,RESOLVED,Current D1 registry / established institutional lineage,,
261,purdue,St. John’s,st-john-s,St. John's,Yes,4,1951-1952,1998-1999,RESOLVED,Current D1 registry / established institutional lineage,,
262,purdue,"St. Joseph, Ind.",saint-josephs-indiana,Saint Joseph's (IN),No,3,1940-1941,1972-1973,RESOLVED,Established historical/non-current identity or institutional lineage,,Historical Saint Joseph's College (Indiana) identity.
263,purdue,"St. Joseph’s, Ind.",saint-josephs-indiana,Saint Joseph's (IN),No,1,1973-1974,1973-1974,RESOLVED,Established historical/non-current identity or institutional lineage,,Historical Saint Joseph's College (Indiana) identity.
264,purdue,Stanford,stanford,Stanford,Yes,2,1997-1998,2001-2002,RESOLVED,Current D1 registry / established institutional lineage,,
265,purdue,Stetson,stetson,Stetson,Yes,5,1982-1983,1991-1992,RESOLVED,Current D1 registry / established institutional lineage,,
266,purdue,SUNY Fredonia,suny-fredonia,SUNY Fredonia,Yes,1,1984-1985,1984-1985,RESOLVED,Current D1 registry / established institutional lineage,,
267,purdue,Syracuse,syracuse,Syracuse,Yes,3,1979-1980,1981-1982,RESOLVED,Current D1 registry / established institutional lineage,,
268,purdue,Tampa,tampa,Tampa,No,3,1983-1984,1986-1987,RESOLVED,Established historical/non-current identity or institutional lineage,,
269,purdue,TCU,tcu,TCU,Yes,5,1970-1971,1996-1997,RESOLVED,Current D1 registry / established institutional lineage,,
270,purdue,Temple,temple,Temple,Yes,6,1930-1931,2011-2012,RESOLVED,Current D1 registry / established institutional lineage,,
271,purdue,Tennessee,tennessee,Tennessee,Yes,7,1980-1981,2023-2024,RESOLVED,Current D1 registry / established institutional lineage,,
272,purdue,Tennessee State,tennessee-state,Tennessee State,Yes,1,2017-2018,2017-2018,RESOLVED,Current D1 registry / established institutional lineage,,
273,purdue,Tennessee-Martin,ut-martin,UT Martin,Yes,3,1996-1997,2005-2006,RESOLVED,Current D1 registry / established institutional lineage,,
274,purdue,Texas,texas,Texas,Yes,7,1989-1990,2025-2026,RESOLVED,Current D1 registry / established institutional lineage,,
275,purdue,Texas A&M,texas-a-m,Texas A&M,Yes,5,1941-1942,2024-2025,RESOLVED,Current D1 registry / established institutional lineage,,
276,purdue,Texas A&M-CC,texas-a-m-corpus-christi,Texas A&M-Corpus Christi,Yes,2,2006-2007,2024-2025,RESOLVED,Current D1 registry / established institutional lineage,,
277,purdue,Texas Southern,texas-southern,Texas Southern,Yes,2,2007-2008,2023-2024,RESOLVED,Current D1 registry / established institutional lineage,,
278,purdue,Texas State,texas-state,Texas State,Yes,1,2003-2004,2003-2004,RESOLVED,Current D1 registry / established institutional lineage,,
279,purdue,Texas Tech,texas-tech,Texas Tech,Yes,4,1987-1988,2025-2026,RESOLVED,Current D1 registry / established institutional lineage,,
280,purdue,Toledo,toledo,Toledo,Yes,5,1936-1937,2024-2025,RESOLVED,Current D1 registry / established institutional lineage,,
281,purdue,Towson,towson,Towson,Yes,1,1986-1987,1986-1987,RESOLVED,Current D1 registry / established institutional lineage,,
282,purdue,Tulane,tulane,Tulane,Yes,3,1966-1967,1970-1971,RESOLVED,Current D1 registry / established institutional lineage,,
283,purdue,Tulsa,tulsa,Tulsa,Yes,5,1962-1963,1980-1981,RESOLVED,Current D1 registry / established institutional lineage,,
284,purdue,UAB,uab,UAB,Yes,1,1997-1998,1997-1998,RESOLVED,Current D1 registry / established institutional lineage,,
285,purdue,UCF,ucf,UCF,Yes,1,1993-1994,1993-1994,RESOLVED,Current D1 registry / established institutional lineage,,
286,purdue,UCLA,ucla,UCLA,Yes,16,1937-1938,2025-2026,RESOLVED,Current D1 registry / established institutional lineage,,
287,purdue,UNC Asheville,unc-asheville,UNC Asheville,Yes,1,1998-1999,1998-1999,RESOLVED,Current D1 registry / established institutional lineage,,
288,purdue,UNC Wilmington,unc-wilmington,UNC Wilmington,Yes,1,2012-2013,2012-2013,RESOLVED,Current D1 registry / established institutional lineage,,
289,purdue,USC,usc,USC,Yes,10,1937-1938,2025-2026,RESOLVED,Current D1 registry / established institutional lineage,,
290,purdue,Utah,utah,Utah,Yes,5,1973-1974,1989-1990,RESOLVED,Current D1 registry / established institutional lineage,,
291,purdue,Utah State,utah-state,Utah State,Yes,2,2016-2017,2023-2024,RESOLVED,Current D1 registry / established institutional lineage,,
292,purdue,UTEP,utep,UTEP,Yes,2,1984-1985,1992-1993,RESOLVED,Current D1 registry / established institutional lineage,,
293,purdue,UW LaCrosse,uw-lacrosse,UW-La Crosse,No,1,1915-1916,1915-1916,RESOLVED,Established historical/non-current identity or institutional lineage,,
294,purdue,Valparaiso,valparaiso,Valparaiso,Yes,18,1953-1954,2020-2021,RESOLVED,Current D1 registry / established institutional lineage,,
295,purdue,Vanderbilt,vanderbilt,Vanderbilt,Yes,6,1901-1902,2015-2016,RESOLVED,Current D1 registry / established institutional lineage,,
296,purdue,VCU,vcu,VCU,Yes,2,2010-2011,2019-2020,RESOLVED,Current D1 registry / established institutional lineage,,
297,purdue,Vermont,vermont,Vermont,Yes,2,2015-2016,2016-2017,RESOLVED,Current D1 registry / established institutional lineage,,
298,purdue,Villanova,villanova,Villanova,Yes,5,1995-1996,2021-2022,RESOLVED,Current D1 registry / established institutional lineage,,
299,purdue,Virginia,virginia,Virginia,Yes,4,2000-2001,2019-2020,RESOLVED,Current D1 registry / established institutional lineage,,
300,purdue,Virginia Tech,virginia-tech,Virginia Tech,Yes,4,1965-1966,2018-2019,RESOLVED,Current D1 registry / established institutional lineage,,
301,purdue,Wabash,wabash,Wabash,No,43,1896-1897,1962-1963,RESOLVED,Established historical/non-current identity or institutional lineage,,
302,purdue,Wagner,wagner,Wagner,Yes,1,2006-2007,2006-2007,RESOLVED,Current D1 registry / established institutional lineage,,
303,purdue,Wake Forest,wake-forest,Wake Forest,Yes,6,1963-1964,2009-2010,RESOLVED,Current D1 registry / established institutional lineage,,
304,purdue,Washington,washington,Washington,Yes,8,1947-1948,2025-2026,RESOLVED,Current D1 registry / established institutional lineage,,
305,purdue,Washington State,washington-state,Washington State,Yes,4,1939-1940,2013-2014,RESOLVED,Current D1 registry / established institutional lineage,,
306,purdue,"Washington, Mo.",washington-mo,Washington (MO),No,10,1923-1924,1954-1955,RESOLVED,Established historical/non-current identity or institutional lineage,,
307,purdue,"Wayne State, Mich.",wayne-state-michigan,Wayne State (MI),No,1,1940-1941,1940-1941,RESOLVED,Established historical/non-current identity or institutional lineage,,
308,purdue,Weber State,weber-state,Weber State,Yes,4,1992-1993,1994-1995,RESOLVED,Current D1 registry / established institutional lineage,,
309,purdue,West Virginia,west-virginia,West Virginia,Yes,9,1961-1962,2022-2023,RESOLVED,Current D1 registry / established institutional lineage,,
310,purdue,West. Kentucky,western-kentucky,Western Kentucky,Yes,3,1972-1973,1974-1975,RESOLVED,Current D1 registry / established institutional lineage,,
311,purdue,Western Carolina,western-carolina,Western Carolina,Yes,3,1995-1996,2011-2012,RESOLVED,Current D1 registry / established institutional lineage,,
312,purdue,Western Illinois,western-illinois,Western Illinois,Yes,6,1938-1939,2016-2017,RESOLVED,Current D1 registry / established institutional lineage,,
313,purdue,Western Kentucky,western-kentucky,Western Kentucky,Yes,2,1981-1982,2017-2018,RESOLVED,Current D1 registry / established institutional lineage,,
314,purdue,Western Michigan,western-michigan,Western Michigan,Yes,6,1991-1992,2011-2012,RESOLVED,Current D1 registry / established institutional lineage,,
315,purdue,Western State,western-michigan,Western Michigan,Yes,3,1934-1935,1936-1937,RESOLVED,Current D1 registry / established institutional lineage,,Historical Western State Teachers College lineage normalized to Western Michigan.
316,purdue,Wichita State,wichita-state,Wichita State,Yes,6,1961-1962,1989-1990,RESOLVED,Current D1 registry / established institutional lineage,,
317,purdue,William & Mary,william-mary,William & Mary,Yes,2,2001-2002,2012-2013,RESOLVED,Current D1 registry / established institutional lineage,,
318,purdue,Wisconsin,wisconsin,Wisconsin,Yes,192,1905-1906,2025-2026,RESOLVED,Current D1 registry / established institutional lineage,,
319,purdue,Wofford,wofford,Wofford,Yes,2,2005-2006,2007-2008,RESOLVED,Current D1 registry / established institutional lineage,,
320,purdue,Wright State,wright-state,Wright State,Yes,1,2021-2022,2021-2022,RESOLVED,Current D1 registry / established institutional lineage,,
321,purdue,Xavier,xavier,Xavier,Yes,16,1935-1936,2023-2024,RESOLVED,Current D1 registry / established institutional lineage,,
322,purdue,Yale,yale,Yale,Yes,4,1901-1902,2024-2025,RESOLVED,Current D1 registry / established institutional lineage,,
323,purdue,Youngstown State,youngstown-state,Youngstown State,Yes,2,1983-1984,2015-2016,RESOLVED,Current D1 registry / established institutional lineage,,
