source_program_key,source_opponent_label,canonical_opponent_key,canonical_opponent_name,current_d1,games_with_source_label,first_season,last_season,resolution_status,resolution_method,user_choice,audit_note
northwestern,Akron,akron,Akron,Yes,1,2011-2012,2011-2012,resolved,Inherited Missouri/Illinois/current-D1 registry,,
northwestern,Alabama,alabama,Alabama,Yes,1,1930-1931,1930-1931,resolved,Inherited Missouri/Illinois/current-D1 registry,,
northwestern,Alcorn State,alcorn-state,Alcorn State,Yes,1,1994-1995,1994-1995,resolved,Inherited Missouri/Illinois/current-D1 registry,,
northwestern,Amer. Coll. of PE,amer-coll-of-pe,Amer. Coll. of PE,,1,1919-1920,1919-1920,resolved,New historical/non-current identity using source label,,
northwestern,American,american,American,,2,2010-2011,2018-2019,resolved,Exact canonical-name match among inherited aliases,,
northwestern,Angelo State,angelo-state,Angelo State,,1,1982-1983,1982-1983,resolved,New historical/non-current identity using source label,,
northwestern,Arizona,arizona,Arizona,Yes,2,1976-1977,1978-1979,resolved,Inherited Missouri/Illinois/current-D1 registry,,
northwestern,Arizona State,arizona-state,Arizona State,Yes,6,1969-1970,2004-2005,resolved,Inherited Missouri/Illinois/current-D1 registry,,
northwestern,Arizona State s,arizona-state,Arizona State,Yes,1,2023-2024,2023-2024,resolved,Audit correction: stripped Northwestern media-guide event marker / normalized clear current-program alias.,,
northwestern,Arkansas State,arkansas-state,Arkansas State,Yes,1,2007-2008,2007-2008,resolved,Inherited Missouri/Illinois/current-D1 registry,,
northwestern,Arkansas-Little Rock,little-rock,Little Rock,Yes,1,2000-2001,2000-2001,resolved,Inherited Missouri/Illinois/current-D1 registry,,
northwestern,Arkansas-Pine Bluff,uapb,UAPB,,2,2010-2011,2020-2021,resolved,Clear/user-confirmed alias,,
northwestern,Armour,armour,Armour,,5,1912-1913,1921-1922,resolved,New historical/non-current identity using source label,,
northwestern,Army,army,Army,Yes,1,1995-1996,1995-1996,resolved,Inherited Missouri/Illinois/current-D1 registry,,
northwestern,Auburn F,auburn,Auburn,Yes,1,2022-2023,2022-2023,resolved,Audit correction: stripped Northwestern media-guide event marker / normalized clear current-program alias.,,
northwestern,BYU,byu,BYU,Yes,1,1989-1990,1989-1990,resolved,Inherited Missouri/Illinois/current-D1 registry,,
northwestern,Ball State,ball-state,Ball State,Yes,2,1966-1967,1988-1989,resolved,Inherited Missouri/Illinois/current-D1 registry,,
northwestern,Baylor,baylor,Baylor,Yes,2,2011-2012,2012-2013,resolved,Inherited Missouri/Illinois/current-D1 registry,,
northwestern,Beloit,beloit,Beloit,,3,1904-1905,1920-1921,resolved,New historical/non-current identity using source label,,
northwestern,Benedictine,benedictine,Benedictine,,1,2007-2008,2007-2008,resolved,New historical/non-current identity using source label,,
northwestern,Binghamton,binghamton,Binghamton,Yes,2,2018-2019,2023-2024,resolved,Inherited Missouri/Illinois/current-D1 registry,,
northwestern,Boise State,boise-state,Boise State,Yes,1,2022-2023,2022-2023,resolved,Inherited Missouri/Illinois/current-D1 registry,,
northwestern,Boston College,boston-college,Boston College,,6,1968-1969,2019-2020,resolved,Inherited Missouri/Illinois/current-D1 registry,,
northwestern,Boston University,boston-university,Boston University,Yes,2,1959-1960,2025-2026,resolved,Inherited Missouri/Illinois/current-D1 registry,,
northwestern,Bowling Green,bowling-green,Bowling Green,Yes,3,1979-1980,2003-2004,resolved,Inherited Missouri/Illinois/current-D1 registry,,
northwestern,Bradley,bradley,Bradley,Yes,9,1930-1931,1985-1986,resolved,Inherited Missouri/Illinois/current-D1 registry,,
northwestern,BradleyF,bradley,Bradley,Yes,1,2019-2020,2019-2020,resolved,Audit correction: stripped Northwestern media-guide event marker / normalized clear current-program alias.,,
northwestern,Brigham Young,byu,BYU,Yes,1,1945-1946,1945-1946,resolved,Inherited Missouri/Illinois/current-D1 registry,,
northwestern,Brown,brown,Brown,Yes,11,1961-1962,2022-2023,resolved,Inherited Missouri/Illinois/current-D1 registry,,
northwestern,Bryant,bryant,Bryant,,1,2016-2017,2016-2017,resolved,Inherited Missouri/Illinois/current-D1 registry,,
northwestern,Buckeye Paints,buckeye-paints,Buckeye Paints,,1,1915-1916,1915-1916,resolved,New historical/non-current identity using source label,,
northwestern,Bucknell,bucknell,Bucknell,Yes,1,2003-2004,2003-2004,resolved,Inherited Missouri/Illinois/current-D1 registry,,
northwestern,Buffalo,buffalo,Buffalo,Yes,3,2000-2001,2002-2003,resolved,Inherited Missouri/Illinois/current-D1 registry,,
northwestern,Butler,butler,Butler,Yes,28,1934-1935,2025-2026,resolved,Inherited Missouri/Illinois/current-D1 registry,,
northwestern,Butler F,butler,Butler,Yes,1,2024-2025,2024-2025,resolved,Audit correction: stripped Northwestern media-guide event marker / normalized clear current-program alias.,,
northwestern,Cal State-LA,cal-state-la,Cal State-LA,,1,1985-1986,1985-1986,resolved,New historical/non-current identity using source label,,
northwestern,California,california,California,Yes,3,1935-1936,1960-1961,resolved,Inherited Missouri/Illinois/current-D1 registry,,
northwestern,Camp Grant,camp-grant,Camp Grant,No,1,1943-1944,1943-1944,resolved,Inherited Missouri/Illinois/current-D1 registry,,
northwestern,Carleton,carleton,Carleton,No,7,1930-1931,1939-1940,resolved,Inherited Missouri/Illinois/current-D1 registry,,
northwestern,Central Arkansas,central-arkansas,Central Arkansas,Yes,1,2008-2009,2008-2009,resolved,Inherited Missouri/Illinois/current-D1 registry,,
northwestern,Central Conn. State,central-connecticut,Central Connecticut,,2,2009-2010,2011-2012,resolved,Clear/user-confirmed alias,,
northwestern,Central Michigan,central-michigan,Central Michigan,Yes,4,1994-1995,2014-2015,resolved,Inherited Missouri/Illinois/current-D1 registry,,
northwestern,Central Park,central-park,Central Park,,1,1913-1914,1913-1914,resolved,New historical/non-current identity using source label,,
northwestern,Charlotte,charlotte,Charlotte,Yes,1,2005-2006,2005-2006,resolved,Inherited Missouri/Illinois/current-D1 registry,,
northwestern,Chicago,chicago,Chicago,No,58,1904-1905,1993-1994,resolved,Inherited Missouri/Illinois/current-D1 registry,,
northwestern,Chicago State,chicago-state,Chicago State,Yes,16,1981-1982,2023-2024,resolved,Inherited Missouri/Illinois/current-D1 registry,,
northwestern,Chicago YMCA,chicago-ymca,Chicago YMCA,,1,1915-1916,1915-1916,resolved,New historical/non-current identity using source label,,
northwestern,Clemson,clemson,Clemson,Yes,1,2000-2001,2000-2001,resolved,Inherited Missouri/Illinois/current-D1 registry,,
northwestern,Cleveland State,cleveland-state,Cleveland State,Yes,3,1983-1984,2025-2026,resolved,Inherited Missouri/Illinois/current-D1 registry,,
northwestern,Colorado,colorado,Colorado,Yes,9,1949-1950,2004-2005,resolved,Inherited Missouri/Illinois/current-D1 registry,,
northwestern,Colorado State,colorado-state,Colorado State,Yes,3,1962-1963,1982-1983,resolved,Inherited Missouri/Illinois/current-D1 registry,,
northwestern,Columbia,columbia,Columbia,Yes,4,1969-1970,2018-2019,resolved,Inherited Missouri/Illinois/current-D1 registry,,
northwestern,Cornell,cornell,Cornell,Yes,3,1980-1981,2006-2007,resolved,Inherited Missouri/Illinois/current-D1 registry,,
northwestern,Cornell (Iowa),cornell-iowa,Cornell (Iowa),,1,1929-1930,1929-1930,resolved,New historical/non-current identity using source label,,
northwestern,Cornell Athletic Club,cornell-athletic-club,Cornell Athletic Club,,1,1913-1914,1913-1914,resolved,New historical/non-current identity using source label,,
northwestern,Creighton,creighton,Creighton,Yes,6,1961-1962,2017-2018,resolved,Inherited Missouri/Illinois/current-D1 registry,,
northwestern,Dartmouth,dartmouth,Dartmouth,Yes,4,1948-1949,1990-1991,resolved,Inherited Missouri/Illinois/current-D1 registry,,
northwestern,Dayton,dayton,Dayton,Yes,5,1972-1973,2024-2025,resolved,Inherited Missouri/Illinois/current-D1 registry,,
northwestern,Daytons,dayton,Dayton,Yes,1,2016-2017,2016-2017,resolved,Audit correction: stripped Northwestern media-guide event marker / normalized clear current-program alias.,,
northwestern,DePaul,depaul,DePaul,Yes,38,1911-1912,2025-2026,resolved,Inherited Missouri/Illinois/current-D1 registry,,
northwestern,DePauw,depauw,DePauw,No,5,1921-1922,2005-2006,resolved,Inherited Missouri/Illinois/current-D1 registry,,
northwestern,Delaware State,delaware-state,Delaware State,Yes,3,2004-2005,2012-2013,resolved,Inherited Missouri/Illinois/current-D1 registry,,
northwestern,Denver,denver,Denver,Yes,1,1983-1984,1983-1984,resolved,Inherited Missouri/Illinois/current-D1 registry,,
northwestern,Depaul,depaul,DePaul,Yes,1,2019-2020,2019-2020,resolved,Inherited Missouri/Illinois/current-D1 registry,,
northwestern,Detroit,detroit-mercy,Detroit Mercy,Yes,1,1956-1957,1956-1957,resolved,Inherited Missouri/Illinois/current-D1 registry,,
northwestern,Detroit Mercy,detroit-mercy,Detroit Mercy,Yes,1,2023-2024,2023-2024,resolved,Inherited Missouri/Illinois/current-D1 registry,,
northwestern,Detroit YMCA,detroit-ymca,Detroit YMCA,,1,1915-1916,1915-1916,resolved,New historical/non-current identity using source label,,
northwestern,Drake,drake,Drake,Yes,2,1926-1927,1964-1965,resolved,Inherited Missouri/Illinois/current-D1 registry,,
northwestern,Duke,duke,Duke,Yes,7,1970-1971,1989-1990,resolved,Inherited Missouri/Illinois/current-D1 registry,,
northwestern,Duquesne,duquesne,Duquesne,Yes,2,1957-1958,1975-1976,resolved,Inherited Missouri/Illinois/current-D1 registry,,
northwestern,E. Tennessee St.,east-tennessee-state,East Tennessee State,Yes,1,1978-1979,1978-1979,resolved,Clear/user-confirmed alias,,
northwestern,East Carolina,east-carolina,East Carolina,Yes,1,2001-2002,2001-2002,resolved,Inherited Missouri/Illinois/current-D1 registry,,
northwestern,Eastern Illinois,eastern-illinois,Eastern Illinois,Yes,4,2011-2012,2024-2025,resolved,Inherited Missouri/Illinois/current-D1 registry,,
northwestern,Eastern Washington,eastern-washington,Eastern Washington,Yes,1,2016-2017,2016-2017,resolved,Inherited Missouri/Illinois/current-D1 registry,,
northwestern,Eckhart Park,eckhart-park,Eckhart Park,,1,1913-1914,1913-1914,resolved,New historical/non-current identity using source label,,
northwestern,Elon,elon,Elon,Yes,2,2002-2003,2014-2015,resolved,Inherited Missouri/Illinois/current-D1 registry,,
northwestern,Evanston Academy,evanston-academy,Evanston Academy,,1,1912-1913,1912-1913,resolved,New historical/non-current identity using source label,,
northwestern,Evanston Reds,evanston-reds,Evanston Reds,No,3,1910-1911,1912-1913,resolved,Inherited Missouri/Illinois/current-D1 registry,,
northwestern,Evanston YMCA,evanston-ymca,Evanston YMCA,,8,1906-1907,1912-1913,resolved,New historical/non-current identity using source label,,
northwestern,Evansville,evansville,Evansville,Yes,3,1964-1965,2000-2001,resolved,Inherited Missouri/Illinois/current-D1 registry,,
northwestern,Fairfield,fairfield,Fairfield,Yes,2,1976-1977,2015-2016,resolved,Inherited Missouri/Illinois/current-D1 registry,,
northwestern,Fairleigh Dickinson,fairleigh-dickinson,Fairleigh Dickinson,Yes,2,2012-2013,2021-2022,resolved,Inherited Missouri/Illinois/current-D1 registry,,
northwestern,First Nat’l Bank,first-nat-l-bank,First Nat’l Bank,,1,1914-1915,1914-1915,resolved,New historical/non-current identity using source label,,
northwestern,Flint Mich. Veh.,flint-mich-veh,Flint Mich. Veh.,,1,1915-1916,1915-1916,resolved,New historical/non-current identity using source label,,
northwestern,Florida,florida,Florida,Yes,3,1968-1969,1970-1971,resolved,Inherited Missouri/Illinois/current-D1 registry,,
northwestern,Florida A&M,florida-a-and-m,Florida A&M,,1,2001-2002,2001-2002,resolved,Inherited Missouri/Illinois/current-D1 registry,,
northwestern,Florida Atlantic,fau,FAU,,2,2005-2006,2023-2024,resolved,Inherited Missouri/Illinois/current-D1 registry,,
northwestern,Florida Int’l,fiu,FIU,,1,1990-1991,1990-1991,resolved,Clear/user-confirmed alias,,
northwestern,Florida Southern,florida-southern,Florida Southern,,2,1982-1983,1986-1987,resolved,New historical/non-current identity using source label,,
northwestern,Florida State,florida-state,Florida State,Yes,5,1972-1973,2008-2009,resolved,Inherited Missouri/Illinois/current-D1 registry,,
northwestern,Fordham,fordham,Fordham,Yes,2,2001-2002,2002-2003,resolved,Inherited Missouri/Illinois/current-D1 registry,,
northwestern,Fresno State s,fresno-state,Fresno State,Yes,1,2018-2019,2018-2019,resolved,Audit correction: stripped Northwestern media-guide event marker / normalized clear current-program alias.,,
northwestern,Furman,furman,Furman,Yes,2,1982-1983,1998-1999,resolved,Inherited Missouri/Illinois/current-D1 registry,,
northwestern,Gardner-Webb,gardner-webb,Gardner-Webb,Yes,1,2013-2014,2013-2014,resolved,Inherited Missouri/Illinois/current-D1 registry,,
northwestern,Garrett Bible Inst.,garrett-bible-inst,Garrett Bible Inst.,,1,1911-1912,1911-1912,resolved,New historical/non-current identity using source label,,
northwestern,George Mason,george-mason,George Mason,,1,1983-1984,1983-1984,resolved,Inherited Missouri/Illinois/current-D1 registry,,
northwestern,George Washington,george-washington,George Washington,Yes,1,1969-1970,1969-1970,resolved,Inherited Missouri/Illinois/current-D1 registry,,
northwestern,Georgetown,georgetown,Georgetown,Yes,1,2022-2023,2022-2023,resolved,Inherited Missouri/Illinois/current-D1 registry,,
northwestern,Georgia F,georgia,Georgia,Yes,1,2021-2022,2021-2022,resolved,Audit correction: stripped Northwestern media-guide event marker / normalized clear current-program alias.,,
northwestern,Georgia Tech,georgia-tech,Georgia Tech,Yes,5,2010-2011,2018-2019,resolved,Inherited Missouri/Illinois/current-D1 registry,,
northwestern,Georgia Tech s,georgia-tech,Georgia Tech,Yes,1,2024-2025,2024-2025,resolved,Audit correction: stripped Northwestern media-guide event marker / normalized clear current-program alias.,,
northwestern,Gonzaga,gonzaga,Gonzaga,Yes,1,2016-2017,2016-2017,resolved,Inherited Missouri/Illinois/current-D1 registry,,
northwestern,Great Lakes,great-lakes-nts,Great Lakes NTS,No,11,1917-1918,1945-1946,resolved,Inherited Missouri/Illinois/current-D1 registry,,
northwestern,Hartford,hartford,Hartford,No,1,2019-2020,2019-2020,resolved,New historical/non-current identity using source label,,
northwestern,Haskell,haskell,Haskell,No,1,1906-1907,1906-1907,resolved,Inherited Missouri/Illinois/current-D1 registry,,
northwestern,Hawaii,hawai-i,Hawai'i,Yes,3,1967-1968,1996-1997,resolved,Inherited Missouri/Illinois/current-D1 registry,,
northwestern,High Point,high-point,High Point,Yes,1,2021-2022,2021-2022,resolved,Inherited Missouri/Illinois/current-D1 registry,,
northwestern,Holy Cross,holy-cross,Holy Cross,Yes,2,1992-1993,1993-1994,resolved,Inherited Missouri/Illinois/current-D1 registry,,
northwestern,Houston Baptist,houston-christian,Houston Christian,Yes,2,2014-2015,2016-2017,resolved,Clear/user-confirmed alias,,
northwestern,Howard,howard,Howard,Yes,2,2007-2008,2025-2026,resolved,Inherited Missouri/Illinois/current-D1 registry,,
northwestern,Hull House,hull-house,Hull House,,1,1910-1911,1910-1911,resolved,New historical/non-current identity using source label,,
northwestern,IPFW,purdue-fort-wayne,Purdue Fort Wayne,Yes,1,2005-2006,2005-2006,resolved,Inherited Missouri/Illinois/current-D1 registry,,
northwestern,IUPUI,iu-indy,IU Indy,Yes,3,2002-2003,2016-2017,resolved,Inherited Missouri/Illinois/current-D1 registry,,
northwestern,Idaho State,idaho-state,Idaho State,Yes,1,1991-1992,1991-1992,resolved,Inherited Missouri/Illinois/current-D1 registry,,
northwestern,Illinois,illinois,Illinois,Yes,191,1907-1908,2025-2026,resolved,Inherited Missouri/Illinois/current-D1 registry,,
northwestern,Illinois (B.S.),illinois,Illinois,Yes,1,1968-1969,1968-1969,resolved,Clear/user-confirmed alias,,
northwestern,Illinois Ath. Club,illinois-ath-club,Illinois Ath. Club,,1,1914-1915,1914-1915,resolved,New historical/non-current identity using source label,,
northwestern,Illinois Athletic Club,illinois-athletic-club,Illinois Athletic Club,,1,1914-1915,1914-1915,resolved,New historical/non-current identity using source label,,
northwestern,Illinois St.,illinois-state,Illinois State,Yes,1,2012-2013,2012-2013,resolved,Trailing guide marker F removed,,
northwestern,Illinois State,illinois-state,Illinois State,Yes,4,1993-1994,2013-2014,resolved,Inherited Missouri/Illinois/current-D1 registry,,
northwestern,Illinois Wesleyan,illinois-wesleyan,Illinois Wesleyan,No,9,1979-1980,1991-1992,resolved,Inherited Missouri/Illinois/current-D1 registry,,
northwestern,Illinois-Chicago,uic,UIC,Yes,6,1980-1981,2005-2006,resolved,Clear/user-confirmed alias,,
northwestern,Illinois-Springfield,illinois-springfield,Illinois-Springfield,,1,2021-2022,2021-2022,resolved,New historical/non-current identity using source label,,
northwestern,Indiana,indiana,Indiana,Yes,179,1907-1908,2025-2026,resolved,Inherited Missouri/Illinois/current-D1 registry,,
northwestern,Indiana (B.S.),indiana,Indiana,Yes,1,1968-1969,1968-1969,resolved,Clear/user-confirmed alias,,
northwestern,Iona,iona,Iona,Yes,1,2000-2001,2000-2001,resolved,Inherited Missouri/Illinois/current-D1 registry,,
northwestern,Iowa,iowa,Iowa,Yes,188,1904-1905,2025-2026,resolved,Inherited Missouri/Illinois/current-D1 registry,,
northwestern,Iowa Pre-Flight,iowa-pre-flight,Iowa Pre-Flight,No,1,1943-1944,1943-1944,resolved,Inherited Missouri/Illinois/current-D1 registry,,
northwestern,Iowa State,iowa-state,Iowa State,Yes,1,1949-1950,1949-1950,resolved,Inherited Missouri/Illinois/current-D1 registry,,
northwestern,Iowa StateF,iowa-state,Iowa State,Yes,1,2009-2010,2009-2010,resolved,Audit correction: stripped Northwestern media-guide event marker / normalized clear current-program alias.,,
northwestern,Jackson State,jackson-state,Jackson State,Yes,2,2023-2024,2025-2026,resolved,Inherited Missouri/Illinois/current-D1 registry,,
northwestern,Jacksonville,jacksonville,Jacksonville,Yes,1,1999-2000,1999-2000,resolved,Inherited Missouri/Illinois/current-D1 registry,,
northwestern,Kansas,kansas,Kansas,Yes,8,1950-1951,1964-1965,resolved,Normalized inherited duplicate casing,,
northwestern,Kansas State,kansas-state,Kansas State,Yes,3,1925-1926,2002-2003,resolved,Inherited Missouri/Illinois/current-D1 registry,,
northwestern,Kent State,kent-state,Kent State,Yes,1,2000-2001,2000-2001,resolved,Inherited Missouri/Illinois/current-D1 registry,,
northwestern,Kentucky,kentucky,Kentucky,Yes,8,1962-1963,1975-1976,resolved,Inherited Missouri/Illinois/current-D1 registry,,
northwestern,Knox,knox,Knox,No,1,1981-1982,1981-1982,resolved,Inherited Missouri/Illinois/current-D1 registry,,
northwestern,Knts. Columbus,knts-columbus,Knts. Columbus,,1,1931-1932,1931-1932,resolved,New historical/non-current identity using source label,,
northwestern,LSU,lsu,LSU,Yes,3,1953-1954,1965-1966,resolved,Inherited Missouri/Illinois/current-D1 registry,,
northwestern,LSUF,lsu,LSU,Yes,1,2011-2012,2011-2012,resolved,Audit correction: stripped Northwestern media-guide event marker / normalized clear current-program alias.,,
northwestern,La Salle,la-salle,La Salle,Yes,3,1963-1964,2000-2001,resolved,Inherited Missouri/Illinois/current-D1 registry,,
northwestern,La Salle s,la-salle,La Salle,Yes,2,2017-2018,2018-2019,resolved,Audit correction: stripped Northwestern media-guide event marker / normalized clear current-program alias.,,
northwestern,Lake Forest,lake-forest,Lake Forest,,8,1906-1907,1922-1923,resolved,New historical/non-current identity using source label,,
northwestern,Lamar,lamar,Lamar,Yes,1,1987-1988,1987-1988,resolved,Inherited Missouri/Illinois/current-D1 registry,,
northwestern,Laporte,laporte,Laporte,,1,1918-1919,1918-1919,resolved,New historical/non-current identity using source label,,
northwestern,Lehigh,lehigh,Lehigh,Yes,3,1992-1993,2024-2025,resolved,Inherited Missouri/Illinois/current-D1 registry,,
northwestern,Lewis,lewis,Lewis,,4,1912-1913,2017-2018,resolved,New historical/non-current identity using source label,,
northwestern,Lewis Institute,lewis-institute,Lewis Institute,,1,1911-1912,1911-1912,resolved,New historical/non-current identity using source label,,
northwestern,Liberty,liberty,Liberty,Yes,2,2001-2002,2009-2010,resolved,Inherited Missouri/Illinois/current-D1 registry,,
northwestern,Liberty F,liberty,Liberty,Yes,1,2022-2023,2022-2023,resolved,Audit correction: stripped Northwestern media-guide event marker / normalized clear current-program alias.,,
northwestern,Long Beach State,long-beach-state,Long Beach State,Yes,1,1998-1999,1998-1999,resolved,Inherited Missouri/Illinois/current-D1 registry,,
northwestern,Long Island,liu,LIU,,2,2002-2003,2010-2011,resolved,Inherited Missouri/Illinois/current-D1 registry,,
northwestern,Loras,loras,Loras,,1,1984-1985,1984-1985,resolved,New historical/non-current identity using source label,,
northwestern,Louisville,louisville,Louisville,Yes,2,1958-1959,1967-1968,resolved,Inherited Missouri/Illinois/current-D1 registry,,
northwestern,Loyola,loyola-chicago,Loyola Chicago,Yes,2,1912-1913,1972-1973,resolved,Clear/user-confirmed alias,,
northwestern,Loyola (Ill.),loyola-chicago,Loyola Chicago,Yes,18,1963-1964,1996-1997,resolved,Inherited Missouri/Illinois/current-D1 registry,,
northwestern,Loyola (Md.),loyola-maryland,Loyola Maryland,Yes,3,2006-2007,2017-2018,resolved,Inherited Missouri/Illinois/current-D1 registry,,
northwestern,MVSU,mississippi-valley-state,Mississippi Valley State,Yes,1,2003-2004,2003-2004,resolved,Clear/user-confirmed alias,,
northwestern,Maine,maine,Maine,Yes,1,1998-1999,1998-1999,resolved,Inherited Missouri/Illinois/current-D1 registry,,
northwestern,Manhattan,manhattan,Manhattan,Yes,1,1961-1962,1961-1962,resolved,Inherited Missouri/Illinois/current-D1 registry,,
northwestern,Marquette,marquette,Marquette,Yes,28,1920-1921,1994-1995,resolved,Inherited Missouri/Illinois/current-D1 registry,,
northwestern,Marshall,marshall,Marshall,Yes,1,1973-1974,1973-1974,resolved,Inherited Missouri/Illinois/current-D1 registry,,
northwestern,Maryland,maryland,Maryland,Yes,21,1958-1959,2025-2026,resolved,Inherited Missouri/Illinois/current-D1 registry,,
northwestern,Massachusetts,massachusetts,Massachusetts,Yes,1,1981-1982,1981-1982,resolved,Inherited Missouri/Illinois/current-D1 registry,,
northwestern,Md.-Eastern Shore,umes,UMES,,3,1997-1998,2002-2003,resolved,Clear/user-confirmed alias,,
northwestern,Mercer,mercer,Mercer,Yes,2,1924-1925,1925-1926,resolved,Inherited Missouri/Illinois/current-D1 registry,,
northwestern,Mercury Ath. Club,mercury-ath-club,Mercury Ath. Club,,1,1914-1915,1914-1915,resolved,New historical/non-current identity using source label,,
northwestern,Mercyhurst,mercyhurst,Mercyhurst,Yes,1,2025-2026,2025-2026,resolved,2025-26 curated schedule,,
northwestern,Merrimack,merrimack,Merrimack,,1,2019-2020,2019-2020,resolved,Inherited Missouri/Illinois/current-D1 registry,,
northwestern,Miami (Fla.),miami,Miami (FL),,1,2006-2007,2006-2007,resolved,Clear/user-confirmed alias,,
northwestern,Miami (Ohio),miami-oh,Miami (OH),,1,1974-1975,1974-1975,resolved,Inherited Missouri/Illinois/current-D1 registry,,
northwestern,Miami (Ohio)F,miami-oh,Miami (OH),Yes,1,2014-2015,2014-2015,resolved,Audit correction: stripped Northwestern media-guide event marker / normalized clear current-program alias.,,
northwestern,Michigan,michigan,Michigan,Yes,181,1917-1918,2025-2026,resolved,Inherited Missouri/Illinois/current-D1 registry,,
northwestern,Michigan St.,michigan-state,Michigan State,Yes,9,1968-1969,2014-2015,resolved,Clear/user-confirmed alias,,
northwestern,Michigan State,michigan-state,Michigan State,Yes,130,1917-1918,2025-2026,resolved,Inherited Missouri/Illinois/current-D1 registry,,
northwestern,Millikin,millikin,Millikin,No,1,1923-1924,1923-1924,resolved,Inherited Missouri/Illinois/current-D1 registry,,
northwestern,Milwaukee,milwaukee,Milwaukee,Yes,1,2010-2011,2010-2011,resolved,Inherited Missouri/Illinois/current-D1 registry,,
northwestern,Minnesota,minnesota,Minnesota,Yes,189,1908-1909,2025-2026,resolved,Inherited Missouri/Illinois/current-D1 registry,,
northwestern,Minnesota (B.S.),minnesota,Minnesota,Yes,1,1968-1969,1968-1969,resolved,Clear/user-confirmed alias,,
northwestern,Miss. Valley State,mississippi-valley-state,Mississippi Valley State,Yes,6,2011-2012,2016-2017,resolved,Inherited Missouri/Illinois/current-D1 registry,,
northwestern,Mississippi State,mississippi-state,Mississippi State,Yes,1,1999-2000,1999-2000,resolved,Inherited Missouri/Illinois/current-D1 registry,,
northwestern,Mississippi State F,mississippi-state,Mississippi State,Yes,1,2023-2024,2023-2024,resolved,Audit correction: stripped Northwestern media-guide event marker / normalized clear current-program alias.,,
northwestern,Mississippi Valley St.,mississippi-valley-state,Mississippi Valley State,Yes,1,2000-2001,2000-2001,resolved,Clear/user-confirmed alias,,
northwestern,Missouri,missouri,Missouri,Yes,9,1947-1948,2015-2016,resolved,Clear/user-confirmed alias; Trailing guide marker F removed,,
northwestern,Monmouth,monmouth,Monmouth,Yes,1,1922-1923,1922-1923,resolved,Inherited Missouri/Illinois/current-D1 registry,,
northwestern,Montana State,montana-state,Montana State,Yes,1,2024-2025,2024-2025,resolved,Inherited Missouri/Illinois/current-D1 registry,,
northwestern,Morgan State,morgan-state,Morgan State,Yes,1,1990-1991,1990-1991,resolved,Inherited Missouri/Illinois/current-D1 registry,,
northwestern,Mount St. Mary’s,mount-st-mary-s,Mount St. Mary's,Yes,1,2010-2011,2010-2011,resolved,Inherited Missouri/Illinois/current-D1 registry,,
northwestern,N. Arizona,northern-arizona,Northern Arizona,Yes,1,1987-1988,1987-1988,resolved,Clear/user-confirmed alias,,
northwestern,N. Carolina,north-carolina,North Carolina,Yes,1,1958-1959,1958-1959,resolved,Clear/user-confirmed alias,,
northwestern,N. Dame,notre-dame,Notre Dame,Yes,1,1958-1959,1958-1959,resolved,Clear/user-confirmed alias,,
northwestern,N.C. State,nc-state,NC State,Yes,4,1957-1958,2009-2010,resolved,Inherited Missouri/Illinois/current-D1 registry,,
northwestern,NC State,nc-state,NC State,Yes,1,2013-2014,2013-2014,resolved,Inherited Missouri/Illinois/current-D1 registry,,
northwestern,NE Illinois,northeastern-illinois,Northeastern Illinois,No,1,1989-1990,1989-1990,resolved,Clear/user-confirmed alias,,
northwestern,NJIT,njit,NJIT,,1,2021-2022,2021-2022,resolved,Inherited Missouri/Illinois/current-D1 registry,,
northwestern,NYU,nyu,NYU,No,1,1963-1964,1963-1964,resolved,Inherited Missouri/Illinois/current-D1 registry,,
northwestern,Naperville,naperville,Naperville,,2,1906-1907,1908-1909,resolved,New historical/non-current identity using source label,,
northwestern,Navy,navy,Navy,Yes,2,1948-1949,1988-1989,resolved,Inherited Missouri/Illinois/current-D1 registry,,
northwestern,Nebraska,nebraska,Nebraska,Yes,27,1933-1934,2025-2026,resolved,Inherited Missouri/Illinois/current-D1 registry,,
northwestern,New Hampshire,new-hampshire,New Hampshire,,1,2002-2003,2002-2003,resolved,Inherited Missouri/Illinois/current-D1 registry,,
northwestern,New Mexico St.,new-mexico-state,New Mexico State,Yes,1,2004-2005,2004-2005,resolved,Inherited Missouri/Illinois/current-D1 registry,,
northwestern,New Orleans,new-orleans,New Orleans,,5,1978-1979,2021-2022,resolved,Inherited Missouri/Illinois/current-D1 registry,,
northwestern,Nicholls State,nicholls,Nicholls,Yes,1,1999-2000,1999-2000,resolved,Inherited Missouri/Illinois/current-D1 registry,,
northwestern,No. CarolinaF,north-carolina,North Carolina,Yes,1,2015-2016,2015-2016,resolved,Audit correction: stripped Northwestern media-guide event marker / normalized clear current-program alias.,,
northwestern,No. Illinois,northern-illinois,Northern Illinois,Yes,5,1973-1974,1985-1986,resolved,Clear/user-confirmed alias,,
northwestern,Norfolk State,norfolk-state,Norfolk State,Yes,1,2019-2020,2019-2020,resolved,Inherited Missouri/Illinois/current-D1 registry,,
northwestern,North Carolina,north-carolina,North Carolina,Yes,3,1946-1947,1978-1979,resolved,Inherited Missouri/Illinois/current-D1 registry,,
northwestern,North Carolina A&T,north-carolina-a-and-t,North Carolina A&T,,1,2009-2010,2009-2010,resolved,Inherited Missouri/Illinois/current-D1 registry,,
northwestern,North Florida,north-florida,North Florida,Yes,3,2006-2007,2014-2015,resolved,Inherited Missouri/Illinois/current-D1 registry,,
northwestern,North Park,north-park,North Park,,1,1982-1983,1982-1983,resolved,New historical/non-current identity using source label,,
northwestern,North Texas St.,north-texas,North Texas,Yes,1,1967-1968,1967-1968,resolved,Clear/user-confirmed alias,,
northwestern,Northeastern,northeastern,Northeastern,Yes,5,1989-1990,2024-2025,resolved,Inherited Missouri/Illinois/current-D1 registry,,
northwestern,Northern Colorado,northern-colorado,Northern Colorado,Yes,1,2005-2006,2005-2006,resolved,Inherited Missouri/Illinois/current-D1 registry,,
northwestern,Northern Illinois,northern-illinois,Northern Illinois,Yes,8,1979-1980,2023-2024,resolved,Inherited Missouri/Illinois/current-D1 registry,,
northwestern,Northern IowaF,northern-iowa,Northern Iowa,Yes,1,2014-2015,2014-2015,resolved,Audit correction: stripped Northwestern media-guide event marker / normalized clear current-program alias.,,
northwestern,Northern Kentucky,northern-kentucky,Northern Kentucky,Yes,1,2014-2015,2014-2015,resolved,Inherited Missouri/Illinois/current-D1 registry,,
northwestern,Northwestern State,northwestern-state,Northwestern State,Yes,2,2003-2004,2006-2007,resolved,Inherited Missouri/Illinois/current-D1 registry,,
northwestern,Notre Dame,notre-dame,Notre Dame,Yes,86,1921-1922,1984-1985,resolved,Inherited Missouri/Illinois/current-D1 registry,,
northwestern,Notre DameF,notre-dame,Notre Dame,Yes,2,2009-2010,2016-2017,resolved,Audit correction: stripped Northwestern media-guide event marker / normalized clear current-program alias.,,
northwestern,N’western Coll.,northwestern-college,Northwestern College,,2,1915-1916,1915-1916,resolved,Clear/user-confirmed alias,,
northwestern,N’western College,northwestern-college,Northwestern College,,1,1916-1917,1916-1917,resolved,Clear/user-confirmed alias,,
northwestern,Oakland,oakland,Oakland,Yes,1,1990-1991,1990-1991,resolved,Inherited Missouri/Illinois/current-D1 registry,,
northwestern,Oakland (Mich.),oakland,Oakland,Yes,2,1998-1999,1999-2000,resolved,Clear/user-confirmed alias,,
northwestern,Ohio,ohio,Ohio,Yes,13,1964-1965,1976-1977,resolved,Inherited Missouri/Illinois/current-D1 registry,,
northwestern,Ohio St.,ohio-state,Ohio State,Yes,1,2010-2011,2010-2011,resolved,Clear/user-confirmed alias,,
northwestern,Ohio State,ohio-state,Ohio State,Yes,179,1912-1913,2025-2026,resolved,Inherited Missouri/Illinois/current-D1 registry,,
northwestern,Ohio State (B.S.),ohio-state,Ohio State,Yes,1,1968-1969,1968-1969,resolved,Clear/user-confirmed alias,,
northwestern,Oklahoma,oklahoma,Oklahoma,Yes,2,2017-2018,2018-2019,resolved,Inherited Missouri/Illinois/current-D1 registry,,
northwestern,Oklahoma City,oklahoma-city,Oklahoma City,No,1,1978-1979,1978-1979,resolved,Inherited Missouri/Illinois/current-D1 registry,,
northwestern,Oklahoma State,oklahoma-state,Oklahoma State,Yes,1,2025-2026,2025-2026,resolved,2025-26 curated schedule,,
northwestern,Oregon,oregon,Oregon,Yes,4,1955-1956,2025-2026,resolved,Inherited Missouri/Illinois/current-D1 registry,,
northwestern,Oregon State,oregon-state,Oregon State,Yes,5,1951-1952,1980-1981,resolved,Inherited Missouri/Illinois/current-D1 registry,,
northwestern,Penn State,penn-state,Penn State,Yes,63,1928-1929,2025-2026,resolved,Inherited Missouri/Illinois/current-D1 registry,,
northwestern,Pennsylvania,penn,Penn,,1,1992-1993,1992-1993,resolved,Inherited Missouri/Illinois/current-D1 registry,,
northwestern,Pepperdine,pepperdine,Pepperdine,Yes,3,1999-2000,2024-2025,resolved,Inherited Missouri/Illinois/current-D1 registry,,
northwestern,Pitt,pittsburgh,Pittsburgh,Yes,1,2022-2023,2022-2023,resolved,Audit correction: stripped Northwestern media-guide event marker / normalized clear current-program alias.,,
northwestern,Pittsburgh,pittsburgh,Pittsburgh,Yes,19,1927-1928,2020-2021,resolved,Inherited Missouri/Illinois/current-D1 registry,,
northwestern,PittsburghF,pittsburgh,Pittsburgh,Yes,1,2019-2020,2019-2020,resolved,Audit correction: stripped Northwestern media-guide event marker / normalized clear current-program alias.,,
northwestern,Portland,portland,Portland,Yes,1,2004-2005,2004-2005,resolved,Inherited Missouri/Illinois/current-D1 registry,,
northwestern,Prairie View A&M,prairie-view-a-and-m,Prairie View A&M,,1,2022-2023,2022-2023,resolved,Inherited Missouri/Illinois/current-D1 registry,,
northwestern,Princeton,princeton,Princeton,Yes,7,1939-1940,1980-1981,resolved,Inherited Missouri/Illinois/current-D1 registry,,
northwestern,Providence,providence,Providence,Yes,3,1966-1967,2019-2020,resolved,Inherited Missouri/Illinois/current-D1 registry,,
northwestern,Providence F,providence,Providence,Yes,1,2021-2022,2021-2022,resolved,Audit correction: stripped Northwestern media-guide event marker / normalized clear current-program alias.,,
northwestern,Purdue,purdue,Purdue,Yes,185,1907-1908,2025-2026,resolved,Inherited Missouri/Illinois/current-D1 registry,,
northwestern,Purdue (B.S.),purdue,Purdue,Yes,1,1968-1969,1968-1969,resolved,Clear/user-confirmed alias,,
northwestern,Purdue Fort Wayne s,purdue-fort-wayne,Purdue Fort Wayne,Yes,1,2022-2023,2022-2023,resolved,Audit correction: stripped Northwestern media-guide event marker / normalized clear current-program alias.,,
northwestern,Quincy,quincy,Quincy,,1,2020-2021,2020-2021,resolved,New historical/non-current identity using source label,,
northwestern,Radford,radford,Radford,Yes,2,1988-1989,2019-2020,resolved,Inherited Missouri/Illinois/current-D1 registry,,
northwestern,Ravenswood,ravenswood,Ravenswood,,1,1910-1911,1910-1911,resolved,New historical/non-current identity using source label,,
northwestern,Rhode Island,rhode-island,Rhode Island,Yes,2,1966-1967,2009-2010,resolved,Inherited Missouri/Illinois/current-D1 registry,,
northwestern,Rhode Island F,rhode-island,Rhode Island,Yes,1,2023-2024,2023-2024,resolved,Audit correction: stripped Northwestern media-guide event marker / normalized clear current-program alias.,,
northwestern,Rice,rice,Rice,Yes,4,1950-1951,1999-2000,resolved,Inherited Missouri/Illinois/current-D1 registry,,
northwestern,Rider,rider,Rider,,1,1993-1994,1993-1994,resolved,Inherited Missouri/Illinois/current-D1 registry,,
northwestern,Ripon,ripon,Ripon,,3,1946-1947,1951-1952,resolved,New historical/non-current identity using source label,,
northwestern,Robert Morris,robert-morris,Robert Morris,Yes,2,1995-1996,2004-2005,resolved,Inherited Missouri/Illinois/current-D1 registry,,
northwestern,Rollins,rollins,Rollins,,4,1973-1974,1987-1988,resolved,New historical/non-current identity using source label,,
northwestern,Rutgers,rutgers,Rutgers,Yes,22,1969-1970,2025-2026,resolved,Inherited Missouri/Illinois/current-D1 registry,,
northwestern,SIU Edwardsville,siue,SIUE,,2,2010-2011,2015-2016,resolved,Clear/user-confirmed alias,,
northwestern,SIU-Edwardsville,siue,SIUE,,4,1979-1980,2019-2020,resolved,Clear/user-confirmed alias,,
northwestern,SMU,smu,SMU,Yes,3,1962-1963,2008-2009,resolved,Inherited Missouri/Illinois/current-D1 registry,,
northwestern,Sacred Heart,sacred-heart,Sacred Heart,,2,2015-2016,2017-2018,resolved,Inherited Missouri/Illinois/current-D1 registry,,
northwestern,Saint Louis,saint-louis,Saint Louis,Yes,3,1957-1958,1990-1991,resolved,Inherited Missouri/Illinois/current-D1 registry,,
northwestern,Saint Peter’s,saint-peter-s,Saint Peter's,Yes,1,2017-2018,2017-2018,resolved,Inherited Missouri/Illinois/current-D1 registry,,
northwestern,Sam Houston State,sam-houston,Sam Houston,Yes,1,1997-1998,1997-1998,resolved,Inherited Missouri/Illinois/current-D1 registry,,
northwestern,San Diego State,san-diego-state,San Diego State,Yes,2,1995-1996,1996-1997,resolved,Inherited Missouri/Illinois/current-D1 registry,,
northwestern,San Jose State,san-jose-state,San José State,Yes,1,2001-2002,2001-2002,resolved,Normalized accent variant,,
northwestern,Savannah State,savannah-state,Savannah State,No,1,2007-2008,2007-2008,resolved,Inherited Missouri/Illinois/current-D1 registry,,
northwestern,Seton Hall,seton-hall,Seton Hall,Yes,6,1995-1996,2005-2006,resolved,Inherited Missouri/Illinois/current-D1 registry,,
northwestern,Seton HallF,seton-hall,Seton Hall,Yes,1,2011-2012,2011-2012,resolved,Audit correction: stripped Northwestern media-guide event marker / normalized clear current-program alias.,,
northwestern,Seward Park,seward-park,Seward Park,,1,1912-1913,1912-1913,resolved,New historical/non-current identity using source label,,
northwestern,Siena,siena,Siena,Yes,2,1994-1995,1997-1998,resolved,Inherited Missouri/Illinois/current-D1 registry,,
northwestern,South Carolina,south-carolina,South Carolina,Yes,1,2025-2026,2025-2026,resolved,2025-26 curated schedule,,
northwestern,South Dakota,south-dakota,South Dakota,Yes,1,1957-1958,1957-1958,resolved,Inherited Missouri/Illinois/current-D1 registry,,
northwestern,South Dakota State,south-dakota-state,South Dakota State,Yes,1,1957-1958,1957-1958,resolved,Inherited Missouri/Illinois/current-D1 registry,,
northwestern,St. Francis (N.Y.),st-francis-brooklyn,St. Francis Brooklyn,No,1,1998-1999,1998-1999,resolved,Inherited Missouri/Illinois/current-D1 registry,,
northwestern,St. Francis (N.Y.)F,st-francis-brooklyn,St. Francis Brooklyn,No,1,2010-2011,2010-2011,resolved,Audit correction: stripped Northwestern media-guide event marker / normalized clear current-program alias.,,
northwestern,St. John’s,st-john-s,St. John's,Yes,2,1938-1939,1966-1967,resolved,Inherited Missouri/Illinois/current-D1 registry,,
northwestern,St. John’sF,st-john-s,St. John's,Yes,1,2010-2011,2010-2011,resolved,Audit correction: stripped Northwestern media-guide event marker / normalized clear current-program alias.,,
northwestern,St. Joseph’s,saint-joseph-s,Saint Joseph's,Yes,2,1972-1973,1973-1974,resolved,Inherited Missouri/Illinois/current-D1 registry,,
northwestern,St. Peter’s,saint-peter-s,Saint Peter's,Yes,1,2000-2001,2000-2001,resolved,Clear/user-confirmed alias,,
northwestern,Stanford,stanford,Stanford,Yes,8,1962-1963,2013-2014,resolved,Inherited Missouri/Illinois/current-D1 registry,,
northwestern,Stony Brook,stony-brook,Stony Brook,Yes,1,2011-2012,2011-2012,resolved,Inherited Missouri/Illinois/current-D1 registry,,
northwestern,Syracuse,syracuse,Syracuse,Yes,1,1965-1966,1965-1966,resolved,Inherited Missouri/Illinois/current-D1 registry,,
northwestern,TCU,tcu,TCU,Yes,2,1971-1972,1987-1988,resolved,Inherited Missouri/Illinois/current-D1 registry,,
northwestern,TCUF,tcu,TCU,Yes,1,2012-2013,2012-2013,resolved,Audit correction: stripped Northwestern media-guide event marker / normalized clear current-program alias.,,
northwestern,Tampa,tampa,Tampa,,1,1983-1984,1983-1984,resolved,New historical/non-current identity using source label,,
northwestern,Temple,temple,Temple,Yes,1,1938-1939,1938-1939,resolved,Inherited Missouri/Illinois/current-D1 registry,,
northwestern,Tennessee,tennessee,Tennessee,Yes,1,1977-1978,1977-1978,resolved,Inherited Missouri/Illinois/current-D1 registry,,
northwestern,Tennessee State,tennessee-state,Tennessee State,Yes,1,2009-2010,2009-2010,resolved,Inherited Missouri/Illinois/current-D1 registry,,
northwestern,Tennessee Tech,tennessee-tech,Tennessee Tech,Yes,2,1996-1997,2006-2007,resolved,Inherited Missouri/Illinois/current-D1 registry,,
northwestern,Tennessee-Martin,ut-martin,UT Martin,Yes,1,1996-1997,1996-1997,resolved,Inherited Missouri/Illinois/current-D1 registry,,
northwestern,Texas,texas,Texas,Yes,2,1965-1966,1974-1975,resolved,Inherited Missouri/Illinois/current-D1 registry,,
northwestern,Texas A&M,texas-a-m,Texas A&M,Yes,5,1969-1970,1993-1994,resolved,Inherited Missouri/Illinois/current-D1 registry,,
northwestern,Texas A&M-C.C.,tamucc,TAMUCC,,1,2008-2009,2008-2009,resolved,Clear/user-confirmed alias,,
northwestern,Texas A&M-CC,texas-a-and-m-corpus-christi,Texas A&M - Corpus Christi,,1,2004-2005,2004-2005,resolved,Inherited Missouri/Illinois/current-D1 registry,,
northwestern,Texas Southern,texas-southern,Texas Southern,Yes,2,2011-2012,2012-2013,resolved,Inherited Missouri/Illinois/current-D1 registry,,
northwestern,Texas State,texas-state,Texas State,Yes,1,2012-2013,2012-2013,resolved,Inherited Missouri/Illinois/current-D1 registry,,
northwestern,Texas Tech s,texas-tech,Texas Tech,Yes,1,2017-2018,2017-2018,resolved,Audit correction: stripped Northwestern media-guide event marker / normalized clear current-program alias.,,
northwestern,Texas-El Paso,utep,UTEP,Yes,1,1977-1978,1977-1978,resolved,Inherited Missouri/Illinois/current-D1 registry,,
northwestern,TexasF,texas,Texas,Yes,1,2016-2017,2016-2017,resolved,Audit correction: stripped Northwestern media-guide event marker / normalized clear current-program alias.,,
northwestern,The Citadel,the-citadel,The Citadel,Yes,1,1969-1970,1969-1970,resolved,Inherited Missouri/Illinois/current-D1 registry,,
northwestern,Toledo,toledo,Toledo,Yes,1,1979-1980,1979-1980,resolved,Inherited Missouri/Illinois/current-D1 registry,,
northwestern,Troy State,troy,Troy,Yes,1,1997-1998,1997-1998,resolved,Clear/user-confirmed alias,,
northwestern,Tulane,tulane,Tulane,Yes,7,1950-1951,1991-1992,resolved,Inherited Missouri/Illinois/current-D1 registry,,
northwestern,Tulsa,tulsa,Tulsa,Yes,1,2008-2009,2008-2009,resolved,Inherited Missouri/Illinois/current-D1 registry,,
northwestern,TulsaF,tulsa,Tulsa,Yes,1,2011-2012,2011-2012,resolved,Audit correction: stripped Northwestern media-guide event marker / normalized clear current-program alias.,,
northwestern,U.S. Infantry,u-s-infantry,U.S. Infantry,,1,1921-1922,1921-1922,resolved,New historical/non-current identity using source label,,
northwestern,UC Riverside,uc-riverside,UC Riverside,,1,2008-2009,2008-2009,resolved,Inherited Missouri/Illinois/current-D1 registry,,
northwestern,UC-Santa Barbara,uc-santa-barbara,UC Santa Barbara,,2,1968-1969,1982-1983,resolved,Inherited Missouri/Illinois/current-D1 registry,,
northwestern,UCLA,ucla,UCLA,Yes,7,1948-1949,2025-2026,resolved,Inherited Missouri/Illinois/current-D1 registry,,
northwestern,UCLAF,ucla,UCLA,Yes,1,2013-2014,2013-2014,resolved,Audit correction: stripped Northwestern media-guide event marker / normalized clear current-program alias.,,
northwestern,UConn,uconn,UConn,Yes,1,2023-2024,2023-2024,resolved,Exact canonical-name match among inherited aliases,,
northwestern,UIC,uic,UIC,Yes,5,2012-2013,2024-2025,resolved,Inherited Missouri/Illinois/current-D1 registry,,
northwestern,UL-Lafayette,louisiana,Louisiana,Yes,1,2001-2002,2001-2002,resolved,Clear/user-confirmed alias,,
northwestern,UMBC,umbc,UMBC,Yes,1,1986-1987,1986-1987,resolved,Inherited Missouri/Illinois/current-D1 registry,,
northwestern,UMKC,kansas-city,Kansas City,Yes,1,2008-2009,2008-2009,resolved,Inherited Missouri/Illinois/current-D1 registry,,
northwestern,UMass Lowell,umass-lowell,UMass Lowell,,1,2015-2016,2015-2016,resolved,Inherited Missouri/Illinois/current-D1 registry,,
northwestern,UNC Wilmington,unc-wilmington,UNC Wilmington,,1,2005-2006,2005-2006,resolved,Inherited Missouri/Illinois/current-D1 registry,,
northwestern,UNLV,unlv,UNLV,Yes,1,1977-1978,1977-1978,resolved,Inherited Missouri/Illinois/current-D1 registry,,
northwestern,UNLV F,unlv,UNLV,Yes,1,2024-2025,2024-2025,resolved,Audit correction: stripped Northwestern media-guide event marker / normalized clear current-program alias.,,
northwestern,UPR-Mayaguez,upr-mayaguez,UPR-Mayaguez,,1,2006-2007,2006-2007,resolved,New historical/non-current identity using source label,,
northwestern,USC,usc,USC,Yes,10,1931-1932,2025-2026,resolved,Inherited Missouri/Illinois/current-D1 registry,,
northwestern,UT-Pan American,utrgv,UTRGV,Yes,7,1998-1999,2011-2012,resolved,Inherited Missouri/Illinois/current-D1 registry,,
northwestern,UW-Green Bay,green-bay,Green Bay,Yes,3,1985-1986,1989-1990,resolved,Clear/user-confirmed alias,,
northwestern,UW-Milwaukee,milwaukee,Milwaukee,Yes,1,1998-1999,1998-1999,resolved,Clear/user-confirmed alias,,
northwestern,Utah,utah,Utah,Yes,3,1971-1972,2006-2007,resolved,Inherited Missouri/Illinois/current-D1 registry,,
northwestern,Utah State,utah-state,Utah State,Yes,1,2004-2005,2004-2005,resolved,Inherited Missouri/Illinois/current-D1 registry,,
northwestern,Utah s,utah,Utah,Yes,1,2018-2019,2018-2019,resolved,Audit correction: stripped Northwestern media-guide event marker / normalized clear current-program alias.,,
northwestern,VCU,vcu,VCU,Yes,1,2001-2002,2001-2002,resolved,Inherited Missouri/Illinois/current-D1 registry,,
northwestern,Valparaiso,valparaiso,Valparaiso,Yes,12,1967-1968,2025-2026,resolved,Inherited Missouri/Illinois/current-D1 registry,,
northwestern,Vanderbilt,vanderbilt,Vanderbilt,Yes,6,1965-1966,2016-2017,resolved,Inherited Missouri/Illinois/current-D1 registry,,
northwestern,Vermont,vermont,Vermont,Yes,1,2000-2001,2000-2001,resolved,Inherited Missouri/Illinois/current-D1 registry,,
northwestern,Virginia,virginia,Virginia,Yes,4,2004-2005,2025-2026,resolved,Inherited Missouri/Illinois/current-D1 registry,,
northwestern,Virginia Tech,virginia-tech,Virginia Tech,Yes,1,2015-2016,2015-2016,resolved,Inherited Missouri/Illinois/current-D1 registry,,
northwestern,W. Illinois,western-illinois,Western Illinois,Yes,1,1990-1991,1990-1991,resolved,Clear/user-confirmed alias,,
northwestern,W. Michigan,western-michigan,Western Michigan,Yes,1,2006-2007,2006-2007,resolved,Clear/user-confirmed alias,,
northwestern,W. Va.,west-virginia,West Virginia,Yes,1,1958-1959,1958-1959,resolved,Clear/user-confirmed alias,,
northwestern,Wabash,wabash,Wabash,No,7,1926-1927,1940-1941,resolved,Inherited Missouri/Illinois/current-D1 registry,,
northwestern,Wake Forest,wake-forest,Wake Forest,Yes,2,2016-2017,2021-2022,resolved,Inherited Missouri/Illinois/current-D1 registry,,
northwestern,Wash. St.,washington-state,Washington State,Yes,1,2010-2011,2010-2011,resolved,Clear/user-confirmed alias,,
northwestern,Washington,washington,Washington,Yes,10,1951-1952,2025-2026,resolved,Inherited Missouri/Illinois/current-D1 registry,,
northwestern,Washington (Mo.),washington-university-of-st-louis,Washington University of St. Louis,No,2,1931-1932,1987-1988,resolved,Inherited Missouri/Illinois/current-D1 registry,,
northwestern,Washington St.,washington-state,Washington State,Yes,1,1964-1965,1964-1965,resolved,Clear/user-confirmed alias,,
northwestern,Washington State,washington-state,Washington State,Yes,4,1939-1940,1996-1997,resolved,Inherited Missouri/Illinois/current-D1 registry,,
northwestern,West Aurora HS,west-aurora-hs,West Aurora HS,,1,1914-1915,1914-1915,resolved,New historical/non-current identity using source label,,
northwestern,West Virginia,west-virginia,West Virginia,Yes,1,1971-1972,1971-1972,resolved,Inherited Missouri/Illinois/current-D1 registry,,
northwestern,Western Carolina,western-carolina,Western Carolina,Yes,1,1999-2000,1999-2000,resolved,Inherited Missouri/Illinois/current-D1 registry,,
northwestern,Western Illinois,western-illinois,Western Illinois,Yes,5,1970-1971,1994-1995,resolved,Inherited Missouri/Illinois/current-D1 registry,,
northwestern,Western Mich.,western-michigan,Western Michigan,Yes,1,1945-1946,1945-1946,resolved,Clear/user-confirmed alias,,
northwestern,Western Michigan,western-michigan,Western Michigan,Yes,27,1936-1937,2023-2024,resolved,Inherited Missouri/Illinois/current-D1 registry,,
northwestern,Wheaton (Ill.),wheaton-ill,Wheaton (Ill.),,1,2006-2007,2006-2007,resolved,New historical/non-current identity using source label,,
northwestern,Whiting Owls,whiting-owls,Whiting Owls,,1,1918-1919,1918-1919,resolved,New historical/non-current identity using source label,,
northwestern,Whiting Red Crown,whiting-red-crown,Whiting Red Crown,,1,1919-1920,1919-1920,resolved,New historical/non-current identity using source label,,
northwestern,Wichita State,wichita-state,Wichita State,Yes,2,1960-1961,1961-1962,resolved,Inherited Missouri/Illinois/current-D1 registry,,
northwestern,William & Mary,william-and-mary,William & Mary,,2,1989-1990,1992-1993,resolved,Inherited Missouri/Illinois/current-D1 registry,,
northwestern,Wisconsin,wisconsin,Wisconsin,Yes,193,1909-1910,2025-2026,resolved,Inherited Missouri/Illinois/current-D1 registry,,
northwestern,Wisconsin (B.S.),wisconsin,Wisconsin,Yes,1,1968-1969,1968-1969,resolved,Clear/user-confirmed alias,,
northwestern,Wofford,wofford,Wofford,Yes,1,1997-1998,1997-1998,resolved,Inherited Missouri/Illinois/current-D1 registry,,
northwestern,Wyoming,wyoming,Wyoming,Yes,1,1956-1957,1956-1957,resolved,Inherited Missouri/Illinois/current-D1 registry,,
northwestern,Xavier,xavier,Xavier,Yes,1,1993-1994,1993-1994,resolved,Inherited Missouri/Illinois/current-D1 registry,,
northwestern,Yale,yale,Yale,Yes,5,1921-1922,1956-1957,resolved,Inherited Missouri/Illinois/current-D1 registry,,
northwestern,Youngstown St.,youngstown-state,Youngstown State,Yes,1,1993-1994,1993-1994,resolved,Clear/user-confirmed alias,,
northwestern,Youngstown State,youngstown-state,Youngstown State,Yes,3,1992-1993,1995-1996,resolved,Inherited Missouri/Illinois/current-D1 registry,,
northwestern,iowa,iowa,Iowa,Yes,1,2017-2018,2017-2018,resolved,Inherited Missouri/Illinois/current-D1 registry,,
