school,top_level_scope
"Abilene Christian","2013-14+"
"Air Force","1957-58+"
"Akron","1947-48..1949-50|1980-81+"
"Alabama","INCEPTION+"
"Alabama A&M","1998-99+"
"Alabama State","1982-83+"
"UAlbany","1999-00+"
"Alcorn State","1977-78+"
"American University","1966-67+"
"App State","1973-74+"
"Arizona","1947-48..1947-48|1950-51+"
"Arizona State","1950-51+"
"Arkansas","INCEPTION+"
"Arkansas State","1970-71+"
"Army","INCEPTION+"
"Auburn","INCEPTION+"
"Austin Peay","1963-64+"
"Ball State","1969-70+"
"Baylor","INCEPTION+"
"Bellarmine","2020-21+"
"Belmont","1997-98+"
"Bethune-Cookman","1980-81+"
"Binghamton","2001-02+"
"Boise State","1971-72+"
"Boston College","INCEPTION+"
"Boston University","1947-48..1948-49|1957-58+"
"Bowling Green","INCEPTION+"
"Bradley","INCEPTION+"
"Brown","INCEPTION+"
"Bryant","2008-09+"
"Bucknell","INCEPTION+"
"Buffalo","1973-74..1976-77|1991-92+"
"Butler","INCEPTION+"
"BYU","INCEPTION+"
"California Baptist","2018-19+"
"Cal Poly","1994-95+"
"Cal State Bakersfield","2006-07+"
"Cal State Fullerton","1974-75+"
"California","INCEPTION+"
"Campbell","1977-78+"
"Canisius","INCEPTION+"
"Central Arkansas","2006-07+"
"Central Connecticut","1986-87+"
"Central Michigan","1973-74+"
"Charleston","1991-92+"
"Charleston Southern","1974-75+"
"Charlotte","1972-73+"
"Chattanooga","1977-78+"
"Chicago State","1984-85+"
"Cincinnati","INCEPTION+"
"Clemson","INCEPTION+"
"Cleveland State","1972-73+"
"Coastal Carolina","1986-87+"
"Colgate","INCEPTION+"
"Colorado","INCEPTION+"
"Colorado State","INCEPTION+"
"Columbia","INCEPTION+"
"UConn","1947-48..1947-48|1951-52+"
"Coppin State","1985-86+"
"Cornell","INCEPTION+"
"Creighton","1947-48..1955-56|1959-60+"
"Cal State Northridge","1990-91+"
"Dartmouth","INCEPTION+"
"Davidson","INCEPTION+"
"Dayton","INCEPTION+"
"Delaware","1957-58+"
"Delaware State","1973-74+"
"Denver","1998-99+"
"DePaul","INCEPTION+"
"Detroit Mercy","INCEPTION+"
"Drake","INCEPTION+"
"Drexel","1973-74+"
"Duke","INCEPTION+"
"Duquesne","INCEPTION+"
"East Carolina","1964-65+"
"East Tennessee State","1958-59+"
"East Texas A&M","2022-23+"
"Eastern Illinois","1981-82+"
"Eastern Kentucky","1947-48..1947-48|1951-52+"
"Eastern Michigan","1973-74+"
"Eastern Washington","1983-84+"
"Elon","1997-98+"
"Evansville","1977-78+"
"Fairfield","1964-65+"
"Fairleigh Dickinson","1967-68+"
"Florida Atlantic","1993-94+"
"Florida International","1987-88+"
"Florida","INCEPTION+"
"Florida A&M","1978-79+"
"Florida Gulf Coast","2007-08+"
"Florida State","1956-57+"
"Fordham","INCEPTION+"
"Fresno State","1955-56..1957-58|1970-71+"
"Furman","INCEPTION+"
"Gardner-Webb","2002-03+"
"George Mason","1978-79+"
"George Washington","INCEPTION+"
"Georgetown","INCEPTION+"
"Georgia","INCEPTION+"
"Georgia Southern","1973-74+"
"Georgia State","1973-74+"
"Georgia Tech","INCEPTION+"
"Gonzaga","1952-53+"
"Grambling","1977-78+"
"Grand Canyon","2013-14+"
"Green Bay","1981-82+"
"Hampton","1995-96+"
"Harvard","INCEPTION+"
"Hawai'i","1970-71+"
"High Point","1996-97+"
"Hofstra","1966-67+"
"Holy Cross","INCEPTION+"
"Houston","1950-51+"
"Houston Christian","2008-09+"
"Howard","1973-74+"
"Idaho","INCEPTION+"
"Idaho State","1958-59+"
"Illinois","INCEPTION+"
"Illinois State","1971-72+"
"Incarnate Word","2013-14+"
"Indiana","INCEPTION+"
"Indiana State","1947-48..1947-48|1968-69+"
"Iona","1953-54+"
"Iowa","INCEPTION+"
"Iowa State","INCEPTION+"
"IU Indianapolis","1997-98+"
"Jackson State","1977-78+"
"Jacksonville","1966-67+"
"Jacksonville State","1995-96+"
"James Madison","1976-77+"
"Kansas","INCEPTION+"
"Kansas City","1989-90+"
"Kansas State","INCEPTION+"
"Kennesaw State","2005-06+"
"Kent State","1947-48..1947-48|1951-52+"
"Kentucky","1947-48..1951-52|1953-54+"
"La Salle","INCEPTION+"
"Lafayette","INCEPTION+"
"Lamar","1969-70+"
"Le Moyne","2023-24+"
"Lehigh","INCEPTION+"
"Liberty","1988-89+"
"Lindenwood","2022-23+"
"Lipscomb","2001-02+"
"Little Rock","1978-79+"
"Long Island University","1947-48..1950-51|1968-69+"
"Long Beach State","1969-70+"
"Longwood","2004-05+"
"Louisiana","1971-72..1972-73|1975-76+"
"Louisiana Tech","1973-74+"
"UL Monroe","1973-74+"
"Louisville","INCEPTION+"
"Loyola Chicago","INCEPTION+"
"Loyola Maryland","1947-48..1949-50|1981-82+"
"Loyola Marymount","1949-50+"
"LSU","INCEPTION+"
"Maine","1961-62+"
"Manhattan","INCEPTION+"
"Marist","1981-82+"
"Marquette","INCEPTION+"
"Marshall","1947-48..1947-48|1953-54+"
"Maryland","INCEPTION+"
"Massachusetts","1961-62+"
"McNeese","1973-74+"
"Memphis","1955-56+"
"Mercer","1973-74+"
"Mercyhurst","2024-25+"
"Merrimack","2019-20+"
"Miami","1948-49..1952-53|1954-55..1970-71|1985-86+"
"Miami (OH)","INCEPTION+"
"Michigan","INCEPTION+"
"Michigan State","INCEPTION+"
"Middle Tennessee","1958-59+"
"Milwaukee","1973-74..1979-80|1990-91+"
"Minnesota","INCEPTION+"
"Mississippi State","INCEPTION+"
"Mississippi Valley State","1979-80+"
"Missouri State","1982-83+"
"Missouri","INCEPTION+"
"Monmouth","1983-84+"
"Montana","1947-48..1947-48|1951-52+"
"Montana State","1947-48..1947-48|1957-58+"
"Morehead State","1955-56+"
"Morgan State","1984-85+"
"Mount St. Mary's","1988-89+"
"Murray State","1953-54+"
"Navy","INCEPTION+"
"NC State","INCEPTION+"
"Nebraska","INCEPTION+"
"Nevada","1947-48..1947-48|1969-70+"
"New Hampshire","1961-62+"
"New Haven","2025-26+"
"New Mexico","1950-51+"
"New Mexico State","1950-51+"
"New Orleans","1975-76+"
"Niagara","INCEPTION+"
"Nicholls","1980-81+"
"NJIT","2006-07+"
"Norfolk State","1997-98+"
"North Alabama","2018-19+"
"North Carolina","INCEPTION+"
"North Carolina A&T","1973-74+"
"North Carolina Central","2007-08+"
"North Dakota","2008-09+"
"North Dakota State","2004-05+"
"North Florida","2005-06+"
"North Texas","1957-58+"
"Northeastern","1972-73+"
"Northern Arizona","1950-51..1952-53|1971-72+"
"Northern Colorado","2003-04+"
"Northern Illinois","1967-68+"
"Northern Iowa","1980-81+"
"Northern Kentucky","2012-13+"
"Northwestern","INCEPTION+"
"Northwestern State","1976-77+"
"Notre Dame","INCEPTION+"
"Oakland","1997-98+"
"Ohio","INCEPTION+"
"Ohio State","INCEPTION+"
"Oklahoma","INCEPTION+"
"Oklahoma State","INCEPTION+"
"Old Dominion","1976-77+"
"Ole Miss","INCEPTION+"
"Omaha","2011-12+"
"Oral Roberts","1971-72..1988-89|1993-94+"
"Oregon","INCEPTION+"
"Oregon State","INCEPTION+"
"Pacific","1953-54+"
"Pennsylvania","INCEPTION+"
"Penn State","INCEPTION+"
"Pepperdine","1955-56+"
"Pittsburgh","INCEPTION+"
"Portland","1953-54+"
"Portland State","1996-97+"
"Prairie View A&M","1980-81+"
"Presbyterian","2007-08+"
"Princeton","INCEPTION+"
"Providence","1948-49..1948-49|1957-58+"
"Purdue","INCEPTION+"
"Purdue Fort Wayne","2001-02+"
"Queens University","2022-23+"
"Quinnipiac","1998-99+"
"Radford","1984-85+"
"Rhode Island","INCEPTION+"
"Rice","INCEPTION+"
"Richmond","INCEPTION+"
"Rider","1967-68+"
"Robert Morris","1976-77+"
"Rutgers","INCEPTION+"
"Sacramento State","1991-92+"
"Sacred Heart","1999-00+"
"Saint Joseph's","INCEPTION+"
"Saint Louis","INCEPTION+"
"Saint Mary's","INCEPTION+"
"Saint Peter's","1964-65+"
"Sam Houston","1986-87+"
"Samford","1972-73+"
"San Diego","1979-80+"
"San Diego State","1970-71+"
"San Francisco","1947-48..1981-82|1985-86+"
"San José State","1952-53+"
"Santa Clara","INCEPTION+"
"Seattle U","2009-10+"
"Southeast Missouri State","1991-92+"
"Seton Hall","INCEPTION+"
"Siena","1947-48..1948-49|1950-51..1959-60|1976-77+"
"SIU Edwardsville","2008-09+"
"SMU","INCEPTION+"
"South Alabama","1971-72+"
"South Carolina","INCEPTION+"
"South Carolina State","1973-74+"
"South Dakota","2008-09+"
"South Dakota State","2004-05+"
"South Florida","1973-74+"
"SE Louisiana","1980-81..1988-89|1990-91+"
"Southern","1977-78+"
"Southern Illinois","1967-68+"
"Southern Indiana","2022-23+"
"Southern Miss","1968-69..1968-69|1972-73+"
"Southern Utah","1988-89+"
"St. Bonaventure","INCEPTION+"
"St. John's","INCEPTION+"
"St. Thomas-Minnesota","2022-23+"
"Stanford","INCEPTION+"
"Stephen F. Austin","1986-87+"
"Stetson","1971-72+"
"Stonehill","2022-23+"
"Stony Brook","1998-99+"
"Syracuse","INCEPTION+"
"Texas A&M-Corpus Christi","1999-00+"
"Tarleton State","2020-21+"
"TCU","INCEPTION+"
"Temple","INCEPTION+"
"Tennessee","INCEPTION+"
"Tennessee State","1977-78+"
"Tennessee Tech","1955-56+"
"Texas","INCEPTION+"
"Texas A&M","INCEPTION+"
"Texas Southern","1977-78+"
"Texas State","1984-85+"
"Texas Tech","1950-51+"
"The Citadel","INCEPTION+"
"Toledo","INCEPTION+"
"Towson","1979-80+"
"Troy","1993-94+"
"Tulane","1947-48..1984-85|1989-90+"
"Tulsa","INCEPTION+"
"UAB","1978-79+"
"Arkansas-Pine Bluff","1997-98+"
"UC Davis","2004-05+"
"UC Irvine","1977-78+"
"UC Riverside","2000-01+"
"UC San Diego","2020-21+"
"UC Santa Barbara","1963-64+"
"UCF","1984-85+"
"UCLA","INCEPTION+"
"UIC","1981-82+"
"UMass Lowell","2013-14+"
"UMBC","1986-87+"
"Maryland Eastern Shore","1973-74..1974-75|1981-82+"
"UNC Asheville","1984-85+"
"UNC Greensboro","1991-92+"
"UNC Wilmington","1976-77+"
"UNLV","1969-70+"
"USC","INCEPTION+"
"South Carolina Upstate","2007-08+"
"UT Arlington","1968-69+"
"UT Martin","1992-93+"
"Utah","INCEPTION+"
"Utah State","INCEPTION+"
"Utah Tech","2020-21+"
"Utah Valley","2003-04+"
"UTEP","1950-51+"
"UT Rio Grande Valley","1968-69+"
"UTSA","1981-82+"
"Valparaiso","1947-48..1949-50|1978-79+"
"Vanderbilt","INCEPTION+"
"VCU","1973-74+"
"Vermont","1961-62+"
"Villanova","INCEPTION+"
"Virginia","INCEPTION+"
"Virginia Tech","INCEPTION+"
"VMI","INCEPTION+"
"Wagner","1976-77+"
"Wake Forest","INCEPTION+"
"Washington","INCEPTION+"
"Washington State","INCEPTION+"
"Weber State","1963-64+"
"West Florida","2026-27+"
"West Georgia","2024-25+"
"West Virginia","INCEPTION+"
"Western Carolina","1976-77+"
"Western Illinois","1981-82+"
"Western Kentucky","INCEPTION+"
"Western Michigan","INCEPTION+"
"Wichita State","INCEPTION+"
"William & Mary","INCEPTION+"
"Winthrop","1986-87+"
"Wisconsin","INCEPTION+"
"Wofford","1995-96+"
"Wright State","1987-88+"
"Wyoming","INCEPTION+"
"Xavier","INCEPTION+"
"Yale","INCEPTION+"
"Youngstown State","1947-48..1947-48|1981-82+"
