program_key,conference_regular_season_championships,conference_tournament_championships,ncaa_tournament_appearances,final_four_appearances,national_championships,best_finish_key,best_finish_year,verification_status,verification_basis,canonical_crosscheck_status,notes
abilene-christian,0,2,2,0,0,ROUND_OF_32,2021,OWNER_BASELINE_UNVERIFIED,Owner-supplied 365-program baseline; authoritative source verification pending.,NOT_CHECKED,
air-force,1,0,4,0,0,ROUND_OF_64,2006,OWNER_BASELINE_UNVERIFIED,Owner-supplied 365-program baseline; authoritative source verification pending.,NOT_CHECKED,
akron,7,8,8,0,0,ROUND_OF_64,2026,OWNER_BASELINE_UNVERIFIED,Owner-supplied 365-program baseline; authoritative source verification pending.,NOT_CHECKED,
alabama,10,9,27,1,0,FINAL_FOUR,2024,VERIFIED,"Owner verified the Alabama accomplishment row. Alabama Athletics SEC Records (https://rolltide.com/sports/2023/11/27/sec-records) establishes 9 SEC regular-season titles and 8 SEC Tournament titles; the owner-supplied Alabama historical record and 1929-30 championship history add the Southern Conference regular-season and tournament titles, for 10 and 9 respectively. Alabama Athletics NCAA Tournament History (https://rolltide.com/sports/2026/2/27/ncaa-tournament-history) supports the approved on-court NCAA fields: 27 appearances, 1 Final Four, 0 national titles, best finish FINAL_FOUR, most recent best-finish year 2024.",MATCH,Verified through onboarding plan 2ca6f0d6065d.
alabama-a-m,1,1,1,0,0,PLAY_IN_ROUND,2005,OWNER_BASELINE_UNVERIFIED,Owner-supplied 365-program baseline; authoritative source verification pending.,NOT_CHECKED,
alabama-state,3,5,5,0,0,ROUND_OF_64,2025,OWNER_BASELINE_UNVERIFIED,Owner-supplied 365-program baseline; authoritative source verification pending.,NOT_CHECKED,
alcorn-state,12,6,6,0,0,ROUND_OF_32,1980,OWNER_BASELINE_UNVERIFIED,Owner-supplied 365-program baseline; authoritative source verification pending.,NOT_CHECKED,
american-university,8,4,4,0,0,ROUND_OF_64,2014,OWNER_BASELINE_UNVERIFIED,Owner-supplied 365-program baseline; authoritative source verification pending.,NOT_CHECKED,
app-state,7,3,3,0,0,ROUND_OF_32,1979,OWNER_BASELINE_UNVERIFIED,Owner-supplied 365-program baseline; authoritative source verification pending.,NOT_CHECKED,
arizona,30,10,40,5,1,NATIONAL_CHAMPION,1997,OWNER_BASELINE_UNVERIFIED,Owner-supplied 365-program baseline; authoritative source verification pending.,NOT_CHECKED,
arizona-state,8,0,17,0,0,ELITE_EIGHT,1975,OWNER_BASELINE_UNVERIFIED,Owner-supplied 365-program baseline; authoritative source verification pending.,NOT_CHECKED,
arkansas,24,8,37,6,1,NATIONAL_CHAMPION,1994,OWNER_BASELINE_UNVERIFIED,Owner-supplied 365-program baseline; authoritative source verification pending.,MATCH,
arkansas-pine-bluff,0,1,1,0,0,ROUND_OF_64,2010,OWNER_BASELINE_UNVERIFIED,Owner-supplied 365-program baseline; authoritative source verification pending.,NOT_CHECKED,
arkansas-state,5,1,1,0,0,ROUND_OF_64,1999,OWNER_BASELINE_UNVERIFIED,Owner-supplied 365-program baseline; authoritative source verification pending.,NOT_CHECKED,
army,0,0,0,0,0,,,OWNER_BASELINE_UNVERIFIED,Owner-supplied 365-program baseline; authoritative source verification pending.,NOT_CHECKED,
auburn,6,3,14,2,0,FINAL_FOUR,2025,VERIFIED,"Owner-approved Auburn accomplishment reference: 14 NCAA appearances, 2 Final Fours, 0 national titles, Best Finish Final Four, Best Finish Year 2025, 6 cross-conference regular-season titles, and 3 conference-tournament titles; documented in schools/auburn/notes.md and the Auburn media-guide source package.",MATCH,Verified through onboarding plan 56819c828d70.
austin-peay,9,5,7,0,0,SWEET_SIXTEEN,1973,OWNER_BASELINE_UNVERIFIED,Owner-supplied 365-program baseline; authoritative source verification pending.,NOT_CHECKED,
ball-state,7,7,7,0,0,SWEET_SIXTEEN,1990,OWNER_BASELINE_UNVERIFIED,Owner-supplied 365-program baseline; authoritative source verification pending.,NOT_CHECKED,
baylor,7,0,17,3,1,NATIONAL_CHAMPION,2021,OWNER_BASELINE_UNVERIFIED,Owner-supplied 365-program baseline; authoritative source verification pending.,NOT_CHECKED,
bellarmine,0,1,0,0,0,,,OWNER_BASELINE_UNVERIFIED,Owner-supplied 365-program baseline; authoritative source verification pending.,NOT_CHECKED,
belmont,13,8,8,0,0,ROUND_OF_64,2019,OWNER_BASELINE_UNVERIFIED,Owner-supplied 365-program baseline; authoritative source verification pending.,NOT_CHECKED,
bethune-cookman,3,0,0,0,0,,,OWNER_BASELINE_UNVERIFIED,Owner-supplied 365-program baseline; authoritative source verification pending.,NOT_CHECKED,
binghamton,1,1,1,0,0,ROUND_OF_64,2009,OWNER_BASELINE_UNVERIFIED,Owner-supplied 365-program baseline; authoritative source verification pending.,NOT_CHECKED,
boise-state,7,6,10,0,0,ROUND_OF_32,1976,OWNER_BASELINE_UNVERIFIED,Owner-supplied 365-program baseline; authoritative source verification pending.,NOT_CHECKED,
boston-college,4,3,18,0,0,ELITE_EIGHT,1994,OWNER_BASELINE_UNVERIFIED,Owner-supplied 365-program baseline; authoritative source verification pending.,NOT_CHECKED,
boston-university,8,7,7,0,0,ELITE_EIGHT,1959,OWNER_BASELINE_UNVERIFIED,Owner-supplied 365-program baseline; authoritative source verification pending.,NOT_CHECKED,
bowling-green,9,0,4,0,0,SWEET_SIXTEEN,1963,OWNER_BASELINE_UNVERIFIED,Owner-supplied 365-program baseline; authoritative source verification pending.,NOT_CHECKED,
bradley,8,4,9,2,0,NATIONAL_RUNNER_UP,1954,OWNER_BASELINE_UNVERIFIED,Owner-supplied 365-program baseline; authoritative source verification pending.,NOT_CHECKED,
brown,1,0,2,0,0,ELITE_EIGHT,1939,OWNER_BASELINE_UNVERIFIED,Owner-supplied 365-program baseline; authoritative source verification pending.,NOT_CHECKED,
bryant,2,2,2,0,0,ROUND_OF_64,2025,OWNER_BASELINE_UNVERIFIED,Owner-supplied 365-program baseline; authoritative source verification pending.,NOT_CHECKED,
bucknell,19,8,8,0,0,ROUND_OF_32,2006,OWNER_BASELINE_UNVERIFIED,Owner-supplied 365-program baseline; authoritative source verification pending.,NOT_CHECKED,
buffalo,4,4,4,0,0,ROUND_OF_32,2019,OWNER_BASELINE_UNVERIFIED,Owner-supplied 365-program baseline; authoritative source verification pending.,NOT_CHECKED,
butler,22,7,16,2,0,NATIONAL_RUNNER_UP,2011,OWNER_BASELINE_UNVERIFIED,Owner-supplied 365-program baseline; authoritative source verification pending.,NOT_CHECKED,
byu,29,3,33,0,0,ELITE_EIGHT,1981,OWNER_BASELINE_UNVERIFIED,Owner-supplied 365-program baseline; authoritative source verification pending.,NOT_CHECKED,
cal-poly,1,1,1,0,0,ROUND_OF_64,2014,OWNER_BASELINE_UNVERIFIED,Owner-supplied 365-program baseline; authoritative source verification pending.,NOT_CHECKED,
cal-state-bakersfield,1,1,1,0,0,ROUND_OF_64,2016,OWNER_BASELINE_UNVERIFIED,Owner-supplied 365-program baseline; authoritative source verification pending.,NOT_CHECKED,
cal-state-fullerton,2,4,4,0,0,ELITE_EIGHT,1978,OWNER_BASELINE_UNVERIFIED,Owner-supplied 365-program baseline; authoritative source verification pending.,NOT_CHECKED,
cal-state-northridge,2,2,2,0,0,ROUND_OF_64,2009,OWNER_BASELINE_UNVERIFIED,Owner-supplied 365-program baseline; authoritative source verification pending.,NOT_CHECKED,
california,15,0,19,3,1,NATIONAL_CHAMPION,1959,OWNER_BASELINE_UNVERIFIED,Owner-supplied 365-program baseline; authoritative source verification pending.,NOT_CHECKED,
california-baptist,0,1,1,0,0,ROUND_OF_64,2026,OWNER_BASELINE_UNVERIFIED,Owner-supplied 365-program baseline; authoritative source verification pending.,NOT_CHECKED,
campbell,2,1,1,0,0,ROUND_OF_64,1992,OWNER_BASELINE_UNVERIFIED,Owner-supplied 365-program baseline; authoritative source verification pending.,NOT_CHECKED,
canisius,4,1,4,0,0,ELITE_EIGHT,1956,OWNER_BASELINE_UNVERIFIED,Owner-supplied 365-program baseline; authoritative source verification pending.,NOT_CHECKED,
central-arkansas,1,0,0,0,0,,,OWNER_BASELINE_UNVERIFIED,Owner-supplied 365-program baseline; authoritative source verification pending.,NOT_CHECKED,
central-connecticut,5,3,3,0,0,ROUND_OF_64,2007,OWNER_BASELINE_UNVERIFIED,Owner-supplied 365-program baseline; authoritative source verification pending.,NOT_CHECKED,
central-michigan,8,2,4,0,0,SWEET_SIXTEEN,1975,OWNER_BASELINE_UNVERIFIED,Owner-supplied 365-program baseline; authoritative source verification pending.,NOT_CHECKED,
charleston,12,6,7,0,0,ROUND_OF_32,1997,OWNER_BASELINE_UNVERIFIED,Owner-supplied 365-program baseline; authoritative source verification pending.,NOT_CHECKED,
charleston-southern,4,4,1,0,0,ROUND_OF_64,1997,OWNER_BASELINE_UNVERIFIED,Owner-supplied 365-program baseline; authoritative source verification pending.,NOT_CHECKED,
charlotte,5,5,11,1,0,ELITE_EIGHT,1977,OWNER_BASELINE_UNVERIFIED,Owner-supplied 365-program baseline; authoritative source verification pending.,NOT_CHECKED,
chattanooga,15,12,12,0,0,SWEET_SIXTEEN,1997,OWNER_BASELINE_UNVERIFIED,Owner-supplied 365-program baseline; authoritative source verification pending.,NOT_CHECKED,Owner explicitly ruled Final Fours and national championships as zero.
chicago-state,0,1,0,0,0,,,OWNER_BASELINE_UNVERIFIED,Owner-supplied 365-program baseline; authoritative source verification pending.,NOT_CHECKED,
cincinnati,29,12,33,6,2,NATIONAL_CHAMPION,1962,OWNER_BASELINE_UNVERIFIED,Owner-supplied 365-program baseline; authoritative source verification pending.,NOT_CHECKED,
clemson,1,1,16,0,0,ELITE_EIGHT,2024,OWNER_BASELINE_UNVERIFIED,Owner-supplied 365-program baseline; authoritative source verification pending.,NOT_CHECKED,
cleveland-state,6,3,3,0,0,SWEET_SIXTEEN,1986,OWNER_BASELINE_UNVERIFIED,Owner-supplied 365-program baseline; authoritative source verification pending.,NOT_CHECKED,
coastal-carolina,8,5,4,0,0,ROUND_OF_64,2015,OWNER_BASELINE_UNVERIFIED,Owner-supplied 365-program baseline; authoritative source verification pending.,NOT_CHECKED,
colgate,8,7,7,0,0,ROUND_OF_64,2024,OWNER_BASELINE_UNVERIFIED,Owner-supplied 365-program baseline; authoritative source verification pending.,NOT_CHECKED,
colorado,19,1,16,2,0,FINAL_FOUR,1955,OWNER_BASELINE_UNVERIFIED,Owner-supplied 365-program baseline; authoritative source verification pending.,NOT_CHECKED,
colorado-state,4,2,13,0,0,ELITE_EIGHT,1969,OWNER_BASELINE_UNVERIFIED,Owner-supplied 365-program baseline; authoritative source verification pending.,NOT_CHECKED,
columbia,13,0,3,0,0,SWEET_SIXTEEN,1968,OWNER_BASELINE_UNVERIFIED,Owner-supplied 365-program baseline; authoritative source verification pending.,NOT_CHECKED,
coppin-state,11,4,4,0,0,ROUND_OF_32,1997,OWNER_BASELINE_UNVERIFIED,Owner-supplied 365-program baseline; authoritative source verification pending.,NOT_CHECKED,
cornell,8,0,5,0,0,SWEET_SIXTEEN,2010,OWNER_BASELINE_UNVERIFIED,Owner-supplied 365-program baseline; authoritative source verification pending.,NOT_CHECKED,
creighton,20,12,26,0,0,ELITE_EIGHT,2023,OWNER_BASELINE_UNVERIFIED,Owner-supplied 365-program baseline; authoritative source verification pending.,NOT_CHECKED,
dartmouth,12,0,7,2,0,NATIONAL_RUNNER_UP,1944,OWNER_BASELINE_UNVERIFIED,Owner-supplied 365-program baseline; authoritative source verification pending.,NOT_CHECKED,
davidson,25,13,15,0,0,ELITE_EIGHT,2008,OWNER_BASELINE_UNVERIFIED,Owner-supplied 365-program baseline; authoritative source verification pending.,NOT_CHECKED,
dayton,3,2,19,1,0,NATIONAL_RUNNER_UP,1967,OWNER_BASELINE_UNVERIFIED,Owner-supplied 365-program baseline; authoritative source verification pending.,NOT_CHECKED,
delaware,4,6,6,0,0,ROUND_OF_64,2022,OWNER_BASELINE_UNVERIFIED,Owner-supplied 365-program baseline; authoritative source verification pending.,NOT_CHECKED,
delaware-state,3,1,1,0,0,ROUND_OF_64,2005,OWNER_BASELINE_UNVERIFIED,Owner-supplied 365-program baseline; authoritative source verification pending.,NOT_CHECKED,
denver,4,0,0,0,0,,,OWNER_BASELINE_UNVERIFIED,Owner-supplied 365-program baseline; authoritative source verification pending.,NOT_CHECKED,
depaul,2,0,22,2,0,FINAL_FOUR,1979,OWNER_BASELINE_UNVERIFIED,Owner-supplied 365-program baseline; authoritative source verification pending.,NOT_CHECKED,
detroit-mercy,2,3,6,0,0,SWEET_SIXTEEN,1977,OWNER_BASELINE_UNVERIFIED,Owner-supplied 365-program baseline; authoritative source verification pending.,NOT_CHECKED,
drake,10,4,8,1,0,FINAL_FOUR,1969,OWNER_BASELINE_UNVERIFIED,Owner-supplied 365-program baseline; authoritative source verification pending.,NOT_CHECKED,
drexel,7,5,5,0,0,ROUND_OF_32,1996,OWNER_BASELINE_UNVERIFIED,Owner-supplied 365-program baseline; authoritative source verification pending.,NOT_CHECKED,
duke,25,29,48,18,5,NATIONAL_CHAMPION,2015,OWNER_BASELINE_UNVERIFIED,Owner-supplied 365-program baseline; authoritative source verification pending.,NOT_CHECKED,
duquesne,2,2,6,1,0,FINAL_FOUR,1940,OWNER_BASELINE_UNVERIFIED,Owner-supplied 365-program baseline; authoritative source verification pending.,NOT_CHECKED,
east-carolina,0,2,2,0,0,ROUND_OF_64,1993,OWNER_BASELINE_UNVERIFIED,Owner-supplied 365-program baseline; authoritative source verification pending.,NOT_CHECKED,
east-tennessee-state,11,11,10,0,0,SWEET_SIXTEEN,1968,OWNER_BASELINE_UNVERIFIED,Owner-supplied 365-program baseline; authoritative source verification pending.,NOT_CHECKED,
east-texas-a-m,0,0,0,0,0,,,OWNER_BASELINE_UNVERIFIED,Owner-supplied 365-program baseline; authoritative source verification pending.,NOT_CHECKED,
eastern-illinois,0,3,2,0,0,ROUND_OF_64,2001,OWNER_BASELINE_UNVERIFIED,Owner-supplied 365-program baseline; authoritative source verification pending.,NOT_CHECKED,
eastern-kentucky,7,6,8,0,0,ROUND_OF_64,2014,OWNER_BASELINE_UNVERIFIED,Owner-supplied 365-program baseline; authoritative source verification pending.,NOT_CHECKED,
eastern-michigan,3,4,4,0,0,SWEET_SIXTEEN,1991,OWNER_BASELINE_UNVERIFIED,Owner-supplied 365-program baseline; authoritative source verification pending.,NOT_CHECKED,
eastern-washington,6,3,3,0,0,ROUND_OF_64,2021,OWNER_BASELINE_UNVERIFIED,Owner-supplied 365-program baseline; authoritative source verification pending.,NOT_CHECKED,
elon,0,0,0,0,0,,,OWNER_BASELINE_UNVERIFIED,Owner-supplied 365-program baseline; authoritative source verification pending.,NOT_CHECKED,
evansville,6,3,5,0,0,ROUND_OF_32,1989,OWNER_BASELINE_UNVERIFIED,Owner-supplied 365-program baseline; authoritative source verification pending.,NOT_CHECKED,
fairfield,2,3,3,0,0,ROUND_OF_64,1997,OWNER_BASELINE_UNVERIFIED,Owner-supplied 365-program baseline; authoritative source verification pending.,NOT_CHECKED,
fairleigh-dickinson,6,6,7,0,0,ROUND_OF_32,2023,OWNER_BASELINE_UNVERIFIED,Owner-supplied 365-program baseline; authoritative source verification pending.,NOT_CHECKED,
florida,8,5,26,6,3,NATIONAL_CHAMPION,2025,OWNER_BASELINE_UNVERIFIED,Owner-supplied 365-program baseline; authoritative source verification pending.,MATCH,
florida-a-m,0,4,3,0,0,ROUND_OF_64,2004,OWNER_BASELINE_UNVERIFIED,Owner-supplied 365-program baseline; authoritative source verification pending.,NOT_CHECKED,
florida-atlantic,2,2,3,1,0,FINAL_FOUR,2023,OWNER_BASELINE_UNVERIFIED,Owner-supplied 365-program baseline; authoritative source verification pending.,NOT_CHECKED,
florida-gulf-coast,3,3,3,0,0,SWEET_SIXTEEN,2013,OWNER_BASELINE_UNVERIFIED,Owner-supplied 365-program baseline; authoritative source verification pending.,NOT_CHECKED,
florida-international,1,1,1,0,0,ROUND_OF_64,1995,OWNER_BASELINE_UNVERIFIED,Owner-supplied 365-program baseline; authoritative source verification pending.,NOT_CHECKED,
florida-state,3,2,18,1,0,NATIONAL_RUNNER_UP,1972,OWNER_BASELINE_UNVERIFIED,Owner-supplied 365-program baseline; authoritative source verification pending.,NOT_CHECKED,
fordham,4,3,4,0,0,SWEET_SIXTEEN,1971,OWNER_BASELINE_UNVERIFIED,Owner-supplied 365-program baseline; authoritative source verification pending.,NOT_CHECKED,
fresno-state,6,5,6,0,0,SWEET_SIXTEEN,1982,OWNER_BASELINE_UNVERIFIED,Owner-supplied 365-program baseline; authoritative source verification pending.,NOT_CHECKED,
furman,7,8,8,0,0,SWEET_SIXTEEN,1974,OWNER_BASELINE_UNVERIFIED,Owner-supplied 365-program baseline; authoritative source verification pending.,NOT_CHECKED,
gardner-webb,1,1,1,0,0,ROUND_OF_64,2019,OWNER_BASELINE_UNVERIFIED,Owner-supplied 365-program baseline; authoritative source verification pending.,NOT_CHECKED,
george-mason,5,4,6,1,0,FINAL_FOUR,2006,OWNER_BASELINE_UNVERIFIED,Owner-supplied 365-program baseline; authoritative source verification pending.,NOT_CHECKED,
george-washington,5,5,11,0,0,SWEET_SIXTEEN,1993,OWNER_BASELINE_UNVERIFIED,Owner-supplied 365-program baseline; authoritative source verification pending.,NOT_CHECKED,
georgetown,9,11,31,5,1,NATIONAL_CHAMPION,1984,OWNER_BASELINE_UNVERIFIED,Owner-supplied 365-program baseline; authoritative source verification pending.,NOT_CHECKED,
georgia,7,3,14,1,0,FINAL_FOUR,1983,VERIFIED,"Owner Gate 1 verified Georgia accomplishments through 2025-26: 7 conference regular-season championships (5 SIAA: 1909, 1914, 1916, 1917, 1918; 1 Southern: 1931; 1 SEC: 1990), 3 conference tournament championships (1932 Southern, 1983 SEC, 2008 SEC), 14 on-court NCAA Tournament appearances, 1 Final Four, 0 national championships, best finish FINAL_FOUR in 1983.",MATCH,Verified through onboarding plan c441a6f50ea8.
georgia-southern,5,3,3,0,0,ROUND_OF_64,1992,OWNER_BASELINE_UNVERIFIED,Owner-supplied 365-program baseline; authoritative source verification pending.,NOT_CHECKED,
georgia-state,6,6,6,0,0,ROUND_OF_32,2015,OWNER_BASELINE_UNVERIFIED,Owner-supplied 365-program baseline; authoritative source verification pending.,NOT_CHECKED,
georgia-tech,3,5,17,2,0,NATIONAL_RUNNER_UP,2004,OWNER_BASELINE_UNVERIFIED,Owner-supplied 365-program baseline; authoritative source verification pending.,NOT_CHECKED,
gonzaga,29,23,28,2,0,NATIONAL_RUNNER_UP,2021,OWNER_BASELINE_UNVERIFIED,Owner-supplied 365-program baseline; authoritative source verification pending.,NOT_CHECKED,
grambling,5,1,1,0,0,ROUND_OF_64,2024,OWNER_BASELINE_UNVERIFIED,Owner-supplied 365-program baseline; authoritative source verification pending.,NOT_CHECKED,
grand-canyon,2,4,4,0,0,ROUND_OF_32,2024,OWNER_BASELINE_UNVERIFIED,Owner-supplied 365-program baseline; authoritative source verification pending.,NOT_CHECKED,
green-bay,4,4,5,0,0,ROUND_OF_32,1994,OWNER_BASELINE_UNVERIFIED,Owner-supplied 365-program baseline; authoritative source verification pending.,NOT_CHECKED,
hampton,4,6,6,0,0,ROUND_OF_32,2001,OWNER_BASELINE_UNVERIFIED,Owner-supplied 365-program baseline; authoritative source verification pending.,NOT_CHECKED,
harvard,7,0,5,0,0,ELITE_EIGHT,1946,OWNER_BASELINE_UNVERIFIED,Owner-supplied 365-program baseline; authoritative source verification pending.,NOT_CHECKED,
hawai-i,3,5,6,0,0,ROUND_OF_32,2016,OWNER_BASELINE_UNVERIFIED,Owner-supplied 365-program baseline; authoritative source verification pending.,NOT_CHECKED,
high-point,7,2,2,0,0,ROUND_OF_32,2026,OWNER_BASELINE_UNVERIFIED,Owner-supplied 365-program baseline; authoritative source verification pending.,NOT_CHECKED,
hofstra,10,7,5,0,0,ROUND_OF_32,1977,OWNER_BASELINE_UNVERIFIED,Owner-supplied 365-program baseline; authoritative source verification pending.,NOT_CHECKED,
holy-cross,6,8,13,2,1,NATIONAL_CHAMPION,1947,OWNER_BASELINE_UNVERIFIED,Owner-supplied 365-program baseline; authoritative source verification pending.,NOT_CHECKED,
houston,13,9,27,7,0,NATIONAL_RUNNER_UP,2025,OWNER_BASELINE_UNVERIFIED,Owner-supplied 365-program baseline; authoritative source verification pending.,NOT_CHECKED,
houston-christian,2,1,1,0,0,PLAY_IN_ROUND,1984,OWNER_BASELINE_UNVERIFIED,Owner-supplied 365-program baseline; authoritative source verification pending.,NOT_CHECKED,
howard,6,6,5,0,0,ROUND_OF_64,2026,OWNER_BASELINE_UNVERIFIED,Owner-supplied 365-program baseline; authoritative source verification pending.,NOT_CHECKED,
idaho,8,5,5,0,0,SWEET_SIXTEEN,1982,OWNER_BASELINE_UNVERIFIED,Owner-supplied 365-program baseline; authoritative source verification pending.,NOT_CHECKED,
idaho-state,3,2,11,0,0,ELITE_EIGHT,1977,OWNER_BASELINE_UNVERIFIED,Owner-supplied 365-program baseline; authoritative source verification pending.,NOT_CHECKED,
illinois,18,4,36,6,0,NATIONAL_RUNNER_UP,2005,OWNER_BASELINE_UNVERIFIED,Owner-supplied 365-program baseline; authoritative source verification pending.,MATCH,
illinois-state,6,4,6,0,0,ROUND_OF_32,1998,OWNER_BASELINE_UNVERIFIED,Owner-supplied 365-program baseline; authoritative source verification pending.,NOT_CHECKED,
incarnate-word,0,0,0,0,0,,,OWNER_BASELINE_UNVERIFIED,Owner-supplied 365-program baseline; authoritative source verification pending.,NOT_CHECKED,
indiana,22,0,41,8,5,NATIONAL_CHAMPION,1987,VERIFIED,"Owner-approved Gate 1. Indiana 2025-26 Men's Basketball Record Book supports 22 conference regular-season championships, 0 conference-tournament championships, 41 NCAA appearances, 8 Final Fours, 5 national championships, best finish NATIONAL_CHAMPION, most recently 1987.",MATCH,Verified through onboarding plan 938b85d0ea0c.
indiana-state,3,3,4,1,0,NATIONAL_RUNNER_UP,1979,OWNER_BASELINE_UNVERIFIED,Owner-supplied 365-program baseline; authoritative source verification pending.,NOT_CHECKED,
iona,13,14,16,0,0,ROUND_OF_32,1980,OWNER_BASELINE_UNVERIFIED,Owner-supplied 365-program baseline; authoritative source verification pending.,NOT_CHECKED,
iowa,8,3,30,3,0,NATIONAL_RUNNER_UP,1956,VERIFIED,"Owner Gate 1 approved: authoritative Iowa/NCAA evidence verifies the supplied accomplishment values, including 8 regular-season conference titles, 3 conference-tournament titles, 30 NCAA appearances, 3 Final Fours, 0 national championships, and a 1956 national-runner-up best finish.",MATCH,Verified through onboarding plan 4ed7e4719e45.
iowa-state,6,7,25,1,0,FINAL_FOUR,1944,OWNER_BASELINE_UNVERIFIED,Owner-supplied 365-program baseline; authoritative source verification pending.,NOT_CHECKED,
iu-indianapolis,1,1,1,0,0,ROUND_OF_64,2003,OWNER_BASELINE_UNVERIFIED,Owner-supplied 365-program baseline; authoritative source verification pending.,NOT_CHECKED,
jackson-state,6,5,3,0,0,ROUND_OF_64,2007,OWNER_BASELINE_UNVERIFIED,Owner-supplied 365-program baseline; authoritative source verification pending.,NOT_CHECKED,
jacksonville,2,2,5,1,0,NATIONAL_RUNNER_UP,1970,OWNER_BASELINE_UNVERIFIED,Owner-supplied 365-program baseline; authoritative source verification pending.,NOT_CHECKED,
jacksonville-state,1,1,2,0,0,ROUND_OF_64,2022,OWNER_BASELINE_UNVERIFIED,Owner-supplied 365-program baseline; authoritative source verification pending.,NOT_CHECKED,
james-madison,11,5,6,0,0,ROUND_OF_32,2024,OWNER_BASELINE_UNVERIFIED,Owner-supplied 365-program baseline; authoritative source verification pending.,NOT_CHECKED,
kansas,64,16,54,16,4,NATIONAL_CHAMPION,2022,OWNER_BASELINE_UNVERIFIED,Owner-supplied 365-program baseline; authoritative source verification pending.,EXPLAINED_ADMIN_DIFFERENCE,Owner-approved on-court corrections include the vacated 2018 NCAA appearance and Final Four; conference tournament championships corrected to 16.
kansas-city,0,0,0,0,0,,,OWNER_BASELINE_UNVERIFIED,Owner-supplied 365-program baseline; authoritative source verification pending.,NOT_CHECKED,
kansas-state,19,2,32,4,0,NATIONAL_RUNNER_UP,1951,OWNER_BASELINE_UNVERIFIED,Owner-supplied 365-program baseline; authoritative source verification pending.,NOT_CHECKED,
kennesaw-state,1,2,2,0,0,ROUND_OF_64,2026,OWNER_BASELINE_UNVERIFIED,Owner-supplied 365-program baseline; authoritative source verification pending.,NOT_CHECKED,
kent-state,6,7,7,0,0,ELITE_EIGHT,2002,OWNER_BASELINE_UNVERIFIED,Owner-supplied 365-program baseline; authoritative source verification pending.,NOT_CHECKED,
kentucky,52,33,64,17,8,NATIONAL_CHAMPION,2012,OWNER_BASELINE_UNVERIFIED,Owner-supplied 365-program baseline; authoritative source verification pending.,EXPLAINED_ADMIN_DIFFERENCE,Owner-approved on-court appearance count includes the vacated 1988 NCAA Tournament appearance.
la-salle,8,8,12,2,1,NATIONAL_CHAMPION,1954,OWNER_BASELINE_UNVERIFIED,Owner-supplied 365-program baseline; authoritative source verification pending.,NOT_CHECKED,
lafayette,15,3,4,0,0,SWEET_SIXTEEN,1957,OWNER_BASELINE_UNVERIFIED,Owner-supplied 365-program baseline; authoritative source verification pending.,NOT_CHECKED,
lamar,9,4,6,0,0,SWEET_SIXTEEN,1980,OWNER_BASELINE_UNVERIFIED,Owner-supplied 365-program baseline; authoritative source verification pending.,NOT_CHECKED,
le-moyne,0,0,0,0,0,,,OWNER_BASELINE_UNVERIFIED,Owner-supplied 365-program baseline; authoritative source verification pending.,NOT_CHECKED,
lehigh,4,6,6,0,0,ROUND_OF_32,2012,OWNER_BASELINE_UNVERIFIED,Owner-supplied 365-program baseline; authoritative source verification pending.,NOT_CHECKED,
liberty,8,7,6,0,0,ROUND_OF_32,2019,OWNER_BASELINE_UNVERIFIED,Owner-supplied 365-program baseline; authoritative source verification pending.,NOT_CHECKED,
lindenwood,0,0,0,0,0,,,OWNER_BASELINE_UNVERIFIED,Owner-supplied 365-program baseline; authoritative source verification pending.,NOT_CHECKED,
lipscomb,4,2,2,0,0,ROUND_OF_64,2025,OWNER_BASELINE_UNVERIFIED,Owner-supplied 365-program baseline; authoritative source verification pending.,NOT_CHECKED,
little-rock,10,5,5,0,0,ROUND_OF_32,2016,OWNER_BASELINE_UNVERIFIED,Owner-supplied 365-program baseline; authoritative source verification pending.,NOT_CHECKED,
long-beach-state,14,10,10,0,0,SWEET_SIXTEEN,1970,OWNER_BASELINE_UNVERIFIED,Owner-supplied 365-program baseline; authoritative source verification pending.,NOT_CHECKED,
long-island-university,13,8,8,0,0,ROUND_OF_64,2026,OWNER_BASELINE_UNVERIFIED,Owner-supplied 365-program baseline; authoritative source verification pending.,NOT_CHECKED,
longwood,1,2,2,0,0,ROUND_OF_64,2024,OWNER_BASELINE_UNVERIFIED,Owner-supplied 365-program baseline; authoritative source verification pending.,NOT_CHECKED,
louisiana,8,8,11,0,0,SWEET_SIXTEEN,1973,OWNER_BASELINE_UNVERIFIED,Owner-supplied 365-program baseline; authoritative source verification pending.,NOT_CHECKED,
louisiana-tech,10,6,5,0,0,SWEET_SIXTEEN,1985,OWNER_BASELINE_UNVERIFIED,Owner-supplied 365-program baseline; authoritative source verification pending.,NOT_CHECKED,
louisville,23,17,45,10,3,NATIONAL_CHAMPION,2013,OWNER_BASELINE_UNVERIFIED,Owner-supplied 365-program baseline; authoritative source verification pending.,NOT_CHECKED,
loyola-chicago,8,4,8,2,1,NATIONAL_CHAMPION,1963,OWNER_BASELINE_UNVERIFIED,Owner-supplied 365-program baseline; authoritative source verification pending.,NOT_CHECKED,
loyola-maryland,0,2,2,0,0,ROUND_OF_64,2012,OWNER_BASELINE_UNVERIFIED,Owner-supplied 365-program baseline; authoritative source verification pending.,NOT_CHECKED,
loyola-marymount,3,2,5,0,0,ELITE_EIGHT,1990,OWNER_BASELINE_UNVERIFIED,Owner-supplied 365-program baseline; authoritative source verification pending.,NOT_CHECKED,
lsu,14,1,24,4,0,FINAL_FOUR,2006,VERIFIED,"OWNER GATE 1 APPROVED: authoritative LSU/institutional research supports 14 conference regular-season championships, 1 conference-tournament championship, 24 NCAA Tournament appearances, 4 Final Fours, 0 NCAA national championships, best finish FINAL_FOUR, most recent best-finish year 2006.",MATCH,Verified through onboarding plan ecbf9419b69f.
maine,0,0,0,0,0,,,OWNER_BASELINE_UNVERIFIED,Owner-supplied 365-program baseline; authoritative source verification pending.,NOT_CHECKED,
manhattan,13,5,8,0,0,SWEET_SIXTEEN,1958,OWNER_BASELINE_UNVERIFIED,Owner-supplied 365-program baseline; authoritative source verification pending.,NOT_CHECKED,
marist,4,2,2,0,0,ROUND_OF_64,1987,OWNER_BASELINE_UNVERIFIED,Owner-supplied 365-program baseline; authoritative source verification pending.,NOT_CHECKED,
marquette,4,2,37,3,1,NATIONAL_CHAMPION,1977,OWNER_BASELINE_UNVERIFIED,Owner-supplied 365-program baseline; authoritative source verification pending.,NOT_CHECKED,
marshall,4,4,6,0,0,ROUND_OF_32,2018,OWNER_BASELINE_UNVERIFIED,Owner-supplied 365-program baseline; authoritative source verification pending.,NOT_CHECKED,
maryland,7,4,31,2,1,NATIONAL_CHAMPION,2002,VERIFIED,"Owner-approved authoritative Maryland athletics accomplishment evidence: 31 NCAA appearances, 2 Final Fours, 1 national championship (2002), 7 conference regular-season championships, and 4 conference tournament championships.",MATCH,Verified through onboarding plan 3879a5e5e007.
maryland-eastern-shore,2,1,0,0,0,,,OWNER_BASELINE_UNVERIFIED,Owner-supplied 365-program baseline; authoritative source verification pending.,NOT_CHECKED,
massachusetts,15,5,9,1,0,FINAL_FOUR,1996,OWNER_BASELINE_UNVERIFIED,Owner-supplied 365-program baseline; authoritative source verification pending.,NOT_CHECKED,
mcneese,8,5,5,0,0,ROUND_OF_32,2025,OWNER_BASELINE_UNVERIFIED,Owner-supplied 365-program baseline; authoritative source verification pending.,NOT_CHECKED,
memphis,15,13,29,3,0,NATIONAL_RUNNER_UP,2008,OWNER_BASELINE_UNVERIFIED,Owner-supplied 365-program baseline; authoritative source verification pending.,NOT_CHECKED,
mercer,4,6,3,0,0,ROUND_OF_32,2014,OWNER_BASELINE_UNVERIFIED,Owner-supplied 365-program baseline; authoritative source verification pending.,NOT_CHECKED,
mercyhurst,0,0,0,0,0,,,OWNER_BASELINE_UNVERIFIED,Owner-supplied 365-program baseline; authoritative source verification pending.,NOT_CHECKED,
merrimack,4,1,0,0,0,,,OWNER_BASELINE_UNVERIFIED,Owner-supplied 365-program baseline; authoritative source verification pending.,NOT_CHECKED,
miami,3,1,13,1,0,FINAL_FOUR,2023,OWNER_BASELINE_UNVERIFIED,Owner-supplied 365-program baseline; authoritative source verification pending.,NOT_CHECKED,Owner Miami/ACC row mapped deterministically to Miami (FL).
miami-oh,19,4,18,0,0,SWEET_SIXTEEN,1999,OWNER_BASELINE_UNVERIFIED,Owner-supplied 365-program baseline; authoritative source verification pending.,NOT_CHECKED,
michigan,16,4,33,9,2,NATIONAL_CHAMPION,2026,VERIFIED,"Owner Gate 1 verified Michigan's authoritative record-book values: 16 conference regular-season championships, 4 conference tournament championships, 33 NCAA appearances, 9 Final Fours, 2 national championships, Best Finish NATIONAL_CHAMPION, Best Finish Year 2026; NCAA-derived fields match the package cross-check.",MATCH,Verified through onboarding plan d745708e62eb.
michigan-state,17,6,39,10,2,NATIONAL_CHAMPION,2000,VERIFIED,"Owner Gate 1: authoritative Michigan State and Big Ten evidence verifies 39 NCAA Tournament appearances, 10 Final Fours, two national championships, National Champion as the best finish with 2000 as the most recent title year, 17 conference regular-season championships, and six conference tournament championships.",MATCH,Verified through onboarding plan b3c51c694481.
middle-tennessee,10,7,9,0,0,ROUND_OF_32,2017,OWNER_BASELINE_UNVERIFIED,Owner-supplied 365-program baseline; authoritative source verification pending.,NOT_CHECKED,
milwaukee,4,4,4,0,0,SWEET_SIXTEEN,2005,OWNER_BASELINE_UNVERIFIED,Owner-supplied 365-program baseline; authoritative source verification pending.,NOT_CHECKED,
minnesota,9,0,14,1,0,FINAL_FOUR,1997,VERIFIED,"Owner verified against the 2025-26 Minnesota Men's Basketball Media Guide and the site's on-court-history convention: 9 conference regular-season championships, 0 conference tournament championships, 14 NCAA Tournament appearances, 1 Final Four, 0 national championships, best NCAA finish Final Four in 1997. Vacated on-court accomplishments remain part of site history.",MATCH,Verified through onboarding plan 311d4926c7e8.
mississippi-state,10,4,14,1,0,FINAL_FOUR,1996,VERIFIED,"Owner verified Mississippi State's accomplishment reference from the official record-book history: 10 conference regular-season championships, 4 conference-tournament championships, 14 NCAA Tournament appearances, 1 Final Four, 0 national championships, best NCAA finish Final Four in 1996.",MATCH,Verified through onboarding plan b4ff9b46fd0b.
mississippi-valley-state,6,5,5,0,0,ROUND_OF_64,2008,OWNER_BASELINE_UNVERIFIED,Owner-supplied 365-program baseline; authoritative source verification pending.,NOT_CHECKED,
missouri,15,8,31,0,0,ELITE_EIGHT,2009,OWNER_BASELINE_UNVERIFIED,Owner-supplied 365-program baseline; authoritative source verification pending.,MATCH,
missouri-state,5,3,6,0,0,SWEET_SIXTEEN,1999,OWNER_BASELINE_UNVERIFIED,Owner-supplied 365-program baseline; authoritative source verification pending.,NOT_CHECKED,
monmouth,5,4,4,0,0,ROUND_OF_64,2006,OWNER_BASELINE_UNVERIFIED,Owner-supplied 365-program baseline; authoritative source verification pending.,NOT_CHECKED,
montana,12,12,13,0,0,SWEET_SIXTEEN,1975,OWNER_BASELINE_UNVERIFIED,Owner-supplied 365-program baseline; authoritative source verification pending.,NOT_CHECKED,
montana-state,11,5,6,0,0,SWEET_SIXTEEN,1951,OWNER_BASELINE_UNVERIFIED,Owner-supplied 365-program baseline; authoritative source verification pending.,NOT_CHECKED,
morehead-state,12,6,9,0,0,SWEET_SIXTEEN,1961,OWNER_BASELINE_UNVERIFIED,Owner-supplied 365-program baseline; authoritative source verification pending.,NOT_CHECKED,
morgan-state,3,3,2,0,0,ROUND_OF_64,2010,OWNER_BASELINE_UNVERIFIED,Owner-supplied 365-program baseline; authoritative source verification pending.,NOT_CHECKED,
mount-st-mary-s,2,7,7,0,0,ROUND_OF_64,2025,OWNER_BASELINE_UNVERIFIED,Owner-supplied 365-program baseline; authoritative source verification pending.,NOT_CHECKED,
murray-state,28,18,18,0,0,ROUND_OF_32,2022,OWNER_BASELINE_UNVERIFIED,Owner-supplied 365-program baseline; authoritative source verification pending.,NOT_CHECKED,
navy,9,6,11,0,0,ELITE_EIGHT,1986,OWNER_BASELINE_UNVERIFIED,Owner-supplied 365-program baseline; authoritative source verification pending.,NOT_CHECKED,
nc-state,13,18,30,4,2,NATIONAL_CHAMPION,1983,OWNER_BASELINE_UNVERIFIED,Owner-supplied 365-program baseline; authoritative source verification pending.,NOT_CHECKED,
nebraska,7,1,9,0,0,SWEET_SIXTEEN,2026,VERIFIED,"Owner Gate 1 verified Nebraska's accomplishment reference values against the official 2025-26 Nebraska Men's Basketball Media Guide: 7 regular-season conference championships and 1 postseason/conference-tournament championship. The authoritative preflight canonical cross-check independently matches the NCAA fields: 9 NCAA appearances, Sweet Sixteen best finish in 2026, 0 Final Fours, and 0 national championships.",MATCH,Verified through onboarding plan 5f2761f662ba.
nevada,13,5,11,0,0,SWEET_SIXTEEN,2018,OWNER_BASELINE_UNVERIFIED,Owner-supplied 365-program baseline; authoritative source verification pending.,NOT_CHECKED,
new-hampshire,1,0,0,0,0,,,OWNER_BASELINE_UNVERIFIED,Owner-supplied 365-program baseline; authoritative source verification pending.,NOT_CHECKED,
new-haven,0,0,0,0,0,,,OWNER_BASELINE_UNVERIFIED,Owner-supplied 365-program baseline; authoritative source verification pending.,NOT_CHECKED,
new-mexico,12,7,17,0,0,SWEET_SIXTEEN,1974,OWNER_BASELINE_UNVERIFIED,Owner-supplied 365-program baseline; authoritative source verification pending.,NOT_CHECKED,
new-mexico-state,20,13,26,1,0,FINAL_FOUR,1970,OWNER_BASELINE_UNVERIFIED,Owner-supplied 365-program baseline; authoritative source verification pending.,NOT_CHECKED,
new-orleans,8,4,5,0,0,ROUND_OF_32,1987,OWNER_BASELINE_UNVERIFIED,Owner-supplied 365-program baseline; authoritative source verification pending.,NOT_CHECKED,
niagara,3,2,3,0,0,SWEET_SIXTEEN,1970,OWNER_BASELINE_UNVERIFIED,Owner-supplied 365-program baseline; authoritative source verification pending.,NOT_CHECKED,
nicholls,5,2,2,0,0,ROUND_OF_64,1998,OWNER_BASELINE_UNVERIFIED,Owner-supplied 365-program baseline; authoritative source verification pending.,NOT_CHECKED,
njit,1,0,0,0,0,,,OWNER_BASELINE_UNVERIFIED,Owner-supplied 365-program baseline; authoritative source verification pending.,NOT_CHECKED,
norfolk-state,6,4,4,0,0,ROUND_OF_32,2012,OWNER_BASELINE_UNVERIFIED,Owner-supplied 365-program baseline; authoritative source verification pending.,NOT_CHECKED,
north-alabama,1,0,0,0,0,,,OWNER_BASELINE_UNVERIFIED,Owner-supplied 365-program baseline; authoritative source verification pending.,NOT_CHECKED,
north-carolina,42,26,55,21,6,NATIONAL_CHAMPION,2017,OWNER_BASELINE_UNVERIFIED,Owner-supplied 365-program baseline; authoritative source verification pending.,NOT_CHECKED,
north-carolina-a-t,13,16,10,0,0,ROUND_OF_64,2013,OWNER_BASELINE_UNVERIFIED,Owner-supplied 365-program baseline; authoritative source verification pending.,NOT_CHECKED,
north-carolina-central,4,4,4,0,0,ROUND_OF_64,2014,OWNER_BASELINE_UNVERIFIED,Owner-supplied 365-program baseline; authoritative source verification pending.,NOT_CHECKED,
north-dakota,3,1,1,0,0,ROUND_OF_64,2017,OWNER_BASELINE_UNVERIFIED,Owner-supplied 365-program baseline; authoritative source verification pending.,NOT_CHECKED,
north-dakota-state,5,6,5,0,0,ROUND_OF_32,2014,OWNER_BASELINE_UNVERIFIED,Owner-supplied 365-program baseline; authoritative source verification pending.,NOT_CHECKED,
north-florida,3,1,1,0,0,PLAY_IN_ROUND,2015,OWNER_BASELINE_UNVERIFIED,Owner-supplied 365-program baseline; authoritative source verification pending.,NOT_CHECKED,
north-texas,5,4,4,0,0,ROUND_OF_32,2021,OWNER_BASELINE_UNVERIFIED,Owner-supplied 365-program baseline; authoritative source verification pending.,NOT_CHECKED,
northeastern,12,9,9,0,0,ROUND_OF_32,1984,OWNER_BASELINE_UNVERIFIED,Owner-supplied 365-program baseline; authoritative source verification pending.,NOT_CHECKED,
northern-arizona,4,2,2,0,0,ROUND_OF_64,2012,OWNER_BASELINE_UNVERIFIED,Owner-supplied 365-program baseline; authoritative source verification pending.,NOT_CHECKED,
northern-colorado,2,1,1,0,0,ROUND_OF_64,2011,OWNER_BASELINE_UNVERIFIED,Owner-supplied 365-program baseline; authoritative source verification pending.,NOT_CHECKED,
northern-illinois,3,2,3,0,0,ROUND_OF_64,1996,OWNER_BASELINE_UNVERIFIED,Owner-supplied 365-program baseline; authoritative source verification pending.,NOT_CHECKED,
northern-iowa,4,7,9,0,0,SWEET_SIXTEEN,2010,OWNER_BASELINE_UNVERIFIED,Owner-supplied 365-program baseline; authoritative source verification pending.,NOT_CHECKED,
northern-kentucky,2,4,3,0,0,ROUND_OF_64,2023,OWNER_BASELINE_UNVERIFIED,Owner-supplied 365-program baseline; authoritative source verification pending.,NOT_CHECKED,
northwestern,2,0,3,0,0,ROUND_OF_32,2024,OWNER_BASELINE_UNVERIFIED,Owner-supplied 365-program baseline; authoritative source verification pending.,MATCH,
northwestern-state,2,3,3,0,0,ROUND_OF_32,2006,OWNER_BASELINE_UNVERIFIED,Owner-supplied 365-program baseline; authoritative source verification pending.,NOT_CHECKED,
notre-dame,0,1,37,1,0,FINAL_FOUR,1978,OWNER_BASELINE_UNVERIFIED,Owner-supplied 365-program baseline; authoritative source verification pending.,NOT_CHECKED,
oakland,5,4,4,0,0,ROUND_OF_32,2024,OWNER_BASELINE_UNVERIFIED,Owner-supplied 365-program baseline; authoritative source verification pending.,NOT_CHECKED,
ohio,14,7,14,0,0,SWEET_SIXTEEN,2012,OWNER_BASELINE_UNVERIFIED,Owner-supplied 365-program baseline; authoritative source verification pending.,NOT_CHECKED,
ohio-state,22,5,36,11,1,NATIONAL_CHAMPION,1960,VERIFIED,"Owner Gate 1 verified Ohio State accomplishment reference under the project's on-court-history policy: 22 conference regular-season championships, 5 conference-tournament championships, 36 NCAA appearances, 11 Final Fours, 1 national championship, best finish NATIONAL_CHAMPION in 1960. Vacated administrative status remains separately preserved.",MATCH,Verified through onboarding plan bf79cf5e9b46.
oklahoma,14,7,34,5,0,NATIONAL_RUNNER_UP,1988,VERIFIED,"Owner Gate 1 verified Oklahoma's accomplishment reference against the official 2025-26 Oklahoma Men's Basketball Media Guide / record history: 14 conference regular-season championships, 7 conference-tournament championships, 34 NCAA Tournament appearances, 5 Final Fours, 0 national championships, and best NCAA finish NATIONAL_RUNNER_UP in 1988.",MATCH,Verified through onboarding plan e870ebf520e6.
oklahoma-state,19,4,29,6,2,NATIONAL_CHAMPION,1946,OWNER_BASELINE_UNVERIFIED,Owner-supplied 365-program baseline; authoritative source verification pending.,NOT_CHECKED,
old-dominion,7,9,12,0,0,ROUND_OF_32,2010,OWNER_BASELINE_UNVERIFIED,Owner-supplied 365-program baseline; authoritative source verification pending.,NOT_CHECKED,
ole-miss,0,3,10,0,0,SWEET_SIXTEEN,2025,VERIFIED,"Owner-approved Ole Miss accomplishment reference, documented from the official Ole Miss source package: 0 regular-season conference titles, 3 conference-tournament titles (1928 Southern, 1981 SEC, 2013 SEC), 10 NCAA appearances, 0 Final Fours, 0 national titles, best NCAA finish Sweet Sixteen, most recent best-finish year 2025.",MATCH,Verified through onboarding plan fbb15d83444f.
omaha,1,1,1,0,0,ROUND_OF_64,2025,OWNER_BASELINE_UNVERIFIED,Owner-supplied 365-program baseline; authoritative source verification pending.,NOT_CHECKED,
oral-roberts,7,7,7,0,0,ELITE_EIGHT,1974,OWNER_BASELINE_UNVERIFIED,Owner-supplied 365-program baseline; authoritative source verification pending.,NOT_CHECKED,
oregon,8,6,19,2,1,NATIONAL_CHAMPION,1939,OWNER_BASELINE_UNVERIFIED,Owner-supplied 365-program baseline; authoritative source verification pending.,NOT_CHECKED,
oregon-state,15,1,18,2,0,FINAL_FOUR,1963,OWNER_BASELINE_UNVERIFIED,Owner-supplied 365-program baseline; authoritative source verification pending.,NOT_CHECKED,
pacific,13,5,9,0,0,ELITE_EIGHT,1967,OWNER_BASELINE_UNVERIFIED,Owner-supplied 365-program baseline; authoritative source verification pending.,NOT_CHECKED,
penn-state,0,1,10,1,0,FINAL_FOUR,1954,VERIFIED,"Owner Gate 1 verified Penn State's accomplishment reference values against authoritative Penn State history and the canonical NCAA cross-check: 10 NCAA appearances, one Final Four in 1954, no national championships, and one conference tournament championship.",MATCH,Verified through onboarding plan 426bdc5e3e76.
pennsylvania,39,2,25,1,0,FINAL_FOUR,1979,OWNER_BASELINE_UNVERIFIED,Owner-supplied 365-program baseline; authoritative source verification pending.,NOT_CHECKED,
pepperdine,12,3,13,0,0,ELITE_EIGHT,1944,OWNER_BASELINE_UNVERIFIED,Owner-supplied 365-program baseline; authoritative source verification pending.,NOT_CHECKED,
pittsburgh,10,4,27,1,0,FINAL_FOUR,1941,OWNER_BASELINE_UNVERIFIED,Owner-supplied 365-program baseline; authoritative source verification pending.,NOT_CHECKED,
portland,0,1,2,0,0,ROUND_OF_32,1959,OWNER_BASELINE_UNVERIFIED,Owner-supplied 365-program baseline; authoritative source verification pending.,NOT_CHECKED,
portland-state,3,2,2,0,0,ROUND_OF_64,2009,OWNER_BASELINE_UNVERIFIED,Owner-supplied 365-program baseline; authoritative source verification pending.,NOT_CHECKED,
prairie-view-a-m,4,3,3,0,0,ROUND_OF_64,2026,OWNER_BASELINE_UNVERIFIED,Owner-supplied 365-program baseline; authoritative source verification pending.,NOT_CHECKED,
presbyterian,0,0,0,0,0,,,OWNER_BASELINE_UNVERIFIED,Owner-supplied 365-program baseline; authoritative source verification pending.,NOT_CHECKED,
princeton,36,2,26,1,0,FINAL_FOUR,1965,OWNER_BASELINE_UNVERIFIED,Owner-supplied 365-program baseline; authoritative source verification pending.,NOT_CHECKED,
providence,1,2,22,2,0,FINAL_FOUR,1987,OWNER_BASELINE_UNVERIFIED,Owner-supplied 365-program baseline; authoritative source verification pending.,NOT_CHECKED,
purdue,26,3,37,3,0,NATIONAL_RUNNER_UP,2024,VERIFIED,"Owner Gate 1 verified Purdue official records: 26 conference regular-season championships, 3 conference-tournament championships, 37 NCAA Tournament appearances, 3 Final Fours, 0 national championships, and NATIONAL_RUNNER_UP as the best NCAA finish, most recently in 2024.",MATCH,Verified through onboarding plan 7a38ae038dd3.
purdue-fort-wayne,2,0,0,0,0,,,OWNER_BASELINE_UNVERIFIED,Owner-supplied 365-program baseline; authoritative source verification pending.,NOT_CHECKED,
queens-university,0,0,0,0,0,,,OWNER_BASELINE_UNVERIFIED,Owner-supplied 365-program baseline; authoritative source verification pending.,NOT_CHECKED,
quinnipiac,3,0,0,0,0,,,OWNER_BASELINE_UNVERIFIED,Owner-supplied 365-program baseline; authoritative source verification pending.,NOT_CHECKED,
radford,6,3,3,0,0,ROUND_OF_64,2018,OWNER_BASELINE_UNVERIFIED,Owner-supplied 365-program baseline; authoritative source verification pending.,NOT_CHECKED,
rhode-island,14,2,10,0,0,ELITE_EIGHT,1998,OWNER_BASELINE_UNVERIFIED,Owner-supplied 365-program baseline; authoritative source verification pending.,NOT_CHECKED,
rice,10,0,4,0,0,ELITE_EIGHT,1942,OWNER_BASELINE_UNVERIFIED,Owner-supplied 365-program baseline; authoritative source verification pending.,NOT_CHECKED,
richmond,7,7,10,0,0,SWEET_SIXTEEN,2011,OWNER_BASELINE_UNVERIFIED,Owner-supplied 365-program baseline; authoritative source verification pending.,NOT_CHECKED,
rider,12,3,3,0,0,ROUND_OF_64,1994,OWNER_BASELINE_UNVERIFIED,Owner-supplied 365-program baseline; authoritative source verification pending.,NOT_CHECKED,
robert-morris,12,10,9,0,0,ROUND_OF_64,2025,OWNER_BASELINE_UNVERIFIED,Owner-supplied 365-program baseline; authoritative source verification pending.,NOT_CHECKED,
rutgers,5,4,8,1,0,FINAL_FOUR,1976,OWNER_BASELINE_UNVERIFIED,Owner-supplied 365-program baseline; authoritative source verification pending.,NOT_CHECKED,
sacramento-state,0,0,0,0,0,,,OWNER_BASELINE_UNVERIFIED,Owner-supplied 365-program baseline; authoritative source verification pending.,NOT_CHECKED,
sacred-heart,0,0,0,0,0,,,OWNER_BASELINE_UNVERIFIED,Owner-supplied 365-program baseline; authoritative source verification pending.,NOT_CHECKED,
saint-joseph-s,20,6,21,1,0,ELITE_EIGHT,2004,OWNER_BASELINE_UNVERIFIED,Owner-supplied 365-program baseline; authoritative source verification pending.,NOT_CHECKED,
saint-louis,8,3,11,0,0,ELITE_EIGHT,1952,OWNER_BASELINE_UNVERIFIED,Owner-supplied 365-program baseline; authoritative source verification pending.,NOT_CHECKED,
saint-mary-s,11,5,15,0,0,ELITE_EIGHT,1959,OWNER_BASELINE_UNVERIFIED,Owner-supplied 365-program baseline; authoritative source verification pending.,NOT_CHECKED,
saint-peter-s,6,5,5,0,0,ELITE_EIGHT,2022,OWNER_BASELINE_UNVERIFIED,Owner-supplied 365-program baseline; authoritative source verification pending.,NOT_CHECKED,
sam-houston,6,2,2,0,0,ROUND_OF_64,2010,OWNER_BASELINE_UNVERIFIED,Owner-supplied 365-program baseline; authoritative source verification pending.,NOT_CHECKED,
samford,5,3,3,0,0,ROUND_OF_64,2024,OWNER_BASELINE_UNVERIFIED,Owner-supplied 365-program baseline; authoritative source verification pending.,NOT_CHECKED,
san-diego,2,2,4,0,0,ROUND_OF_32,2008,OWNER_BASELINE_UNVERIFIED,Owner-supplied 365-program baseline; authoritative source verification pending.,NOT_CHECKED,
san-diego-state,11,9,17,1,0,NATIONAL_RUNNER_UP,2023,OWNER_BASELINE_UNVERIFIED,Owner-supplied 365-program baseline; authoritative source verification pending.,NOT_CHECKED,
san-francisco,16,1,17,3,2,NATIONAL_CHAMPION,1956,OWNER_BASELINE_UNVERIFIED,Owner-supplied 365-program baseline; authoritative source verification pending.,NOT_CHECKED,
san-jose-state,10,0,3,0,0,SWEET_SIXTEEN,1951,OWNER_BASELINE_UNVERIFIED,Owner-supplied 365-program baseline; authoritative source verification pending.,NOT_CHECKED,
santa-clara,9,2,12,1,0,FINAL_FOUR,1952,OWNER_BASELINE_UNVERIFIED,Owner-supplied 365-program baseline; authoritative source verification pending.,NOT_CHECKED,
se-louisiana,4,1,1,0,0,ROUND_OF_64,2005,OWNER_BASELINE_UNVERIFIED,Owner-supplied 365-program baseline; authoritative source verification pending.,NOT_CHECKED,
seattle-u,1,0,11,1,0,NATIONAL_RUNNER_UP,1958,OWNER_BASELINE_UNVERIFIED,Owner-supplied 365-program baseline; authoritative source verification pending.,NOT_CHECKED,
seton-hall,4,3,14,1,0,NATIONAL_RUNNER_UP,1989,OWNER_BASELINE_UNVERIFIED,Owner-supplied 365-program baseline; authoritative source verification pending.,NOT_CHECKED,
siena,11,6,7,0,0,ROUND_OF_32,2009,OWNER_BASELINE_UNVERIFIED,Owner-supplied 365-program baseline; authoritative source verification pending.,NOT_CHECKED,
siu-edwardsville,0,1,1,0,0,ROUND_OF_64,2025,OWNER_BASELINE_UNVERIFIED,Owner-supplied 365-program baseline; authoritative source verification pending.,NOT_CHECKED,
smu,16,3,13,1,0,FINAL_FOUR,1956,OWNER_BASELINE_UNVERIFIED,Owner-supplied 365-program baseline; authoritative source verification pending.,NOT_CHECKED,
south-alabama,11,5,8,0,0,ROUND_OF_32,1989,OWNER_BASELINE_UNVERIFIED,Owner-supplied 365-program baseline; authoritative source verification pending.,NOT_CHECKED,
south-carolina,6,2,10,1,0,FINAL_FOUR,2017,VERIFIED,"Owner Gate 1 verified: 6 conference regular-season titles, 2 conference tournament titles, 10 NCAA appearances, 1 Final Four, 0 national championships, best finish Final Four in 2017.",MATCH,Verified through onboarding plan b04ed88ae7e7.
south-carolina-state,8,5,5,0,0,ROUND_OF_64,2003,OWNER_BASELINE_UNVERIFIED,Owner-supplied 365-program baseline; authoritative source verification pending.,NOT_CHECKED,
south-carolina-upstate,0,0,0,0,0,,,OWNER_BASELINE_UNVERIFIED,Owner-supplied 365-program baseline; authoritative source verification pending.,NOT_CHECKED,
south-dakota,1,1,0,0,0,,,OWNER_BASELINE_UNVERIFIED,Owner-supplied 365-program baseline; authoritative source verification pending.,NOT_CHECKED,
south-dakota-state,9,7,7,0,0,ROUND_OF_64,2024,OWNER_BASELINE_UNVERIFIED,Owner-supplied 365-program baseline; authoritative source verification pending.,NOT_CHECKED,
south-florida,2,2,4,0,0,ROUND_OF_32,2012,OWNER_BASELINE_UNVERIFIED,Owner-supplied 365-program baseline; authoritative source verification pending.,NOT_CHECKED,
southeast-missouri-state,2,2,2,0,0,ROUND_OF_64,2000,OWNER_BASELINE_UNVERIFIED,Owner-supplied 365-program baseline; authoritative source verification pending.,NOT_CHECKED,
southern,9,9,9,0,0,ROUND_OF_32,1993,OWNER_BASELINE_UNVERIFIED,Owner-supplied 365-program baseline; authoritative source verification pending.,NOT_CHECKED,
southern-illinois,8,5,10,0,0,SWEET_SIXTEEN,2007,OWNER_BASELINE_UNVERIFIED,Owner-supplied 365-program baseline; authoritative source verification pending.,NOT_CHECKED,
southern-indiana,0,0,0,0,0,,,OWNER_BASELINE_UNVERIFIED,Owner-supplied 365-program baseline; authoritative source verification pending.,NOT_CHECKED,
southern-miss,3,0,3,0,0,ROUND_OF_64,2012,OWNER_BASELINE_UNVERIFIED,Owner-supplied 365-program baseline; authoritative source verification pending.,NOT_CHECKED,
southern-utah,3,3,1,0,0,ROUND_OF_64,2001,OWNER_BASELINE_UNVERIFIED,Owner-supplied 365-program baseline; authoritative source verification pending.,NOT_CHECKED,
st-bonaventure,6,2,8,1,0,FINAL_FOUR,1970,OWNER_BASELINE_UNVERIFIED,Owner-supplied 365-program baseline; authoritative source verification pending.,NOT_CHECKED,
st-john-s,16,7,32,2,0,NATIONAL_RUNNER_UP,1952,OWNER_BASELINE_UNVERIFIED,Owner-supplied 365-program baseline; authoritative source verification pending.,NOT_CHECKED,
st-thomas-minnesota,0,0,0,0,0,,,OWNER_BASELINE_UNVERIFIED,Owner-supplied 365-program baseline; authoritative source verification pending.,NOT_CHECKED,
stanford,11,1,17,2,1,NATIONAL_CHAMPION,1942,OWNER_BASELINE_UNVERIFIED,Owner-supplied 365-program baseline; authoritative source verification pending.,NOT_CHECKED,
stephen-f-austin,10,5,5,0,0,ROUND_OF_32,2016,OWNER_BASELINE_UNVERIFIED,Owner-supplied 365-program baseline; authoritative source verification pending.,NOT_CHECKED,
stetson,0,1,1,0,0,ROUND_OF_64,2024,OWNER_BASELINE_UNVERIFIED,Owner-supplied 365-program baseline; authoritative source verification pending.,NOT_CHECKED,
stonehill,0,0,0,0,0,,,OWNER_BASELINE_UNVERIFIED,Owner-supplied 365-program baseline; authoritative source verification pending.,NOT_CHECKED,
stony-brook,4,1,1,0,0,ROUND_OF_64,2016,OWNER_BASELINE_UNVERIFIED,Owner-supplied 365-program baseline; authoritative source verification pending.,NOT_CHECKED,
syracuse,9,8,37,6,1,NATIONAL_CHAMPION,2003,OWNER_BASELINE_UNVERIFIED,Owner-supplied 365-program baseline; authoritative source verification pending.,NOT_CHECKED,
tarleton-state,0,0,0,0,0,,,OWNER_BASELINE_UNVERIFIED,Owner-supplied 365-program baseline; authoritative source verification pending.,NOT_CHECKED,
tcu,11,0,12,0,0,ELITE_EIGHT,1968,OWNER_BASELINE_UNVERIFIED,Owner-supplied 365-program baseline; authoritative source verification pending.,NOT_CHECKED,
temple,19,10,33,2,0,FINAL_FOUR,1958,OWNER_BASELINE_UNVERIFIED,Owner-supplied 365-program baseline; authoritative source verification pending.,NOT_CHECKED,
tennessee,12,5,28,0,0,ELITE_EIGHT,2026,OWNER_BASELINE_UNVERIFIED,Owner-supplied 365-program baseline; authoritative source verification pending.,MATCH,
tennessee-state,3,3,3,0,0,ROUND_OF_64,2026,OWNER_BASELINE_UNVERIFIED,Owner-supplied 365-program baseline; authoritative source verification pending.,NOT_CHECKED,
tennessee-tech,7,1,2,0,0,ROUND_OF_32,1963,OWNER_BASELINE_UNVERIFIED,Owner-supplied 365-program baseline; authoritative source verification pending.,NOT_CHECKED,
texas,25,4,40,3,0,FINAL_FOUR,2003,VERIFIED,"Owner Gate 1 approved verified reference values: 25 regular-season conference titles, 4 conference tournament titles, 40 NCAA appearances, 3 Final Fours, 0 national titles, best finish Final Four, best-finish year 2003.",MATCH,Verified through onboarding plan 5bd92d48b4b7.
texas-a-m,12,2,18,0,0,SWEET_SIXTEEN,2018,OWNER_BASELINE_UNVERIFIED,Owner-supplied 365-program baseline; authoritative source verification pending.,NOT_CHECKED,
texas-a-m-corpus-christi,2,3,3,0,0,ROUND_OF_64,2023,OWNER_BASELINE_UNVERIFIED,Owner-supplied 365-program baseline; authoritative source verification pending.,NOT_CHECKED,
texas-southern,12,11,11,0,0,ROUND_OF_64,2022,OWNER_BASELINE_UNVERIFIED,Owner-supplied 365-program baseline; authoritative source verification pending.,NOT_CHECKED,
texas-state,4,2,2,0,0,ROUND_OF_64,1997,OWNER_BASELINE_UNVERIFIED,Owner-supplied 365-program baseline; authoritative source verification pending.,NOT_CHECKED,
texas-tech,12,5,23,1,0,NATIONAL_RUNNER_UP,2019,OWNER_BASELINE_UNVERIFIED,Owner-supplied 365-program baseline; authoritative source verification pending.,NOT_CHECKED,
the-citadel,0,1,0,0,0,,,OWNER_BASELINE_UNVERIFIED,Owner-supplied 365-program baseline; authoritative source verification pending.,NOT_CHECKED,
toledo,12,1,4,0,0,SWEET_SIXTEEN,1979,OWNER_BASELINE_UNVERIFIED,Owner-supplied 365-program baseline; authoritative source verification pending.,NOT_CHECKED,
towson,6,3,2,0,0,ROUND_OF_64,1991,OWNER_BASELINE_UNVERIFIED,Owner-supplied 365-program baseline; authoritative source verification pending.,NOT_CHECKED,
troy,8,4,4,0,0,ROUND_OF_64,2026,OWNER_BASELINE_UNVERIFIED,Owner-supplied 365-program baseline; authoritative source verification pending.,NOT_CHECKED,
tulane,4,0,3,0,0,ROUND_OF_32,1995,OWNER_BASELINE_UNVERIFIED,Owner-supplied 365-program baseline; authoritative source verification pending.,NOT_CHECKED,
tulsa,11,6,16,0,0,ELITE_EIGHT,2000,OWNER_BASELINE_UNVERIFIED,Owner-supplied 365-program baseline; authoritative source verification pending.,NOT_CHECKED,
uab,6,7,17,0,0,ELITE_EIGHT,1982,OWNER_BASELINE_UNVERIFIED,Owner-supplied 365-program baseline; authoritative source verification pending.,NOT_CHECKED,
ualbany,2,5,5,0,0,ROUND_OF_64,2015,OWNER_BASELINE_UNVERIFIED,Owner-supplied 365-program baseline; authoritative source verification pending.,NOT_CHECKED,
uc-davis,2,1,1,0,0,ROUND_OF_64,2017,OWNER_BASELINE_UNVERIFIED,Owner-supplied 365-program baseline; authoritative source verification pending.,NOT_CHECKED,
uc-irvine,10,2,2,0,0,ROUND_OF_32,2019,OWNER_BASELINE_UNVERIFIED,Owner-supplied 365-program baseline; authoritative source verification pending.,NOT_CHECKED,
uc-riverside,0,0,0,0,0,,,OWNER_BASELINE_UNVERIFIED,Owner-supplied 365-program baseline; authoritative source verification pending.,NOT_CHECKED,
uc-san-diego,1,1,1,0,0,ROUND_OF_64,2025,OWNER_BASELINE_UNVERIFIED,Owner-supplied 365-program baseline; authoritative source verification pending.,NOT_CHECKED,
uc-santa-barbara,6,5,7,0,0,ROUND_OF_32,1990,OWNER_BASELINE_UNVERIFIED,Owner-supplied 365-program baseline; authoritative source verification pending.,NOT_CHECKED,
ucf,1,4,6,0,0,ROUND_OF_32,2019,OWNER_BASELINE_UNVERIFIED,Owner-supplied 365-program baseline; authoritative source verification pending.,NOT_CHECKED,
ucla,38,4,54,19,11,NATIONAL_CHAMPION,1995,OWNER_BASELINE_UNVERIFIED,Owner-supplied 365-program baseline; authoritative source verification pending.,NOT_CHECKED,
uconn,33,11,39,8,6,NATIONAL_CHAMPION,2024,OWNER_BASELINE_UNVERIFIED,Owner-supplied 365-program baseline; authoritative source verification pending.,NOT_CHECKED,
uic,2,2,3,0,0,ROUND_OF_64,2004,OWNER_BASELINE_UNVERIFIED,Owner-supplied 365-program baseline; authoritative source verification pending.,NOT_CHECKED,
ul-monroe,8,8,7,0,0,ROUND_OF_64,1996,OWNER_BASELINE_UNVERIFIED,Owner-supplied 365-program baseline; authoritative source verification pending.,NOT_CHECKED,
umass-lowell,0,0,0,0,0,,,OWNER_BASELINE_UNVERIFIED,Owner-supplied 365-program baseline; authoritative source verification pending.,NOT_CHECKED,
umbc,4,3,3,0,0,ROUND_OF_32,2018,OWNER_BASELINE_UNVERIFIED,Owner-supplied 365-program baseline; authoritative source verification pending.,NOT_CHECKED,
unc-asheville,8,6,5,0,0,ROUND_OF_64,2023,OWNER_BASELINE_UNVERIFIED,Owner-supplied 365-program baseline; authoritative source verification pending.,NOT_CHECKED,
unc-greensboro,4,6,4,0,0,ROUND_OF_64,2021,OWNER_BASELINE_UNVERIFIED,Owner-supplied 365-program baseline; authoritative source verification pending.,NOT_CHECKED,
unc-wilmington,10,7,7,0,0,ROUND_OF_32,2002,OWNER_BASELINE_UNVERIFIED,Owner-supplied 365-program baseline; authoritative source verification pending.,NOT_CHECKED,
unlv,12,11,20,4,1,NATIONAL_CHAMPION,1990,OWNER_BASELINE_UNVERIFIED,Owner-supplied 365-program baseline; authoritative source verification pending.,NOT_CHECKED,
usc,7,1,21,2,0,FINAL_FOUR,1954,OWNER_BASELINE_UNVERIFIED,Owner-supplied 365-program baseline; authoritative source verification pending.,NOT_CHECKED,
ut-arlington,3,1,1,0,0,ROUND_OF_64,2008,OWNER_BASELINE_UNVERIFIED,Owner-supplied 365-program baseline; authoritative source verification pending.,NOT_CHECKED,
ut-martin,2,0,0,0,0,,,OWNER_BASELINE_UNVERIFIED,Owner-supplied 365-program baseline; authoritative source verification pending.,NOT_CHECKED,
ut-rio-grande-valley,0,0,0,0,0,,,OWNER_BASELINE_UNVERIFIED,Owner-supplied 365-program baseline; authoritative source verification pending.,NOT_CHECKED,
utah,29,5,29,4,1,NATIONAL_CHAMPION,1944,OWNER_BASELINE_UNVERIFIED,Owner-supplied 365-program baseline; authoritative source verification pending.,NOT_CHECKED,
utah-state,18,11,26,0,0,ELITE_EIGHT,1970,OWNER_BASELINE_UNVERIFIED,Owner-supplied 365-program baseline; authoritative source verification pending.,NOT_CHECKED,
utah-tech,0,0,0,0,0,,,OWNER_BASELINE_UNVERIFIED,Owner-supplied 365-program baseline; authoritative source verification pending.,NOT_CHECKED,
utah-valley,7,0,0,0,0,,,OWNER_BASELINE_UNVERIFIED,Owner-supplied 365-program baseline; authoritative source verification pending.,NOT_CHECKED,
utep,11,5,17,1,1,NATIONAL_CHAMPION,1966,OWNER_BASELINE_UNVERIFIED,Owner-supplied 365-program baseline; authoritative source verification pending.,NOT_CHECKED,
utsa,3,4,4,0,0,ROUND_OF_64,2011,OWNER_BASELINE_UNVERIFIED,Owner-supplied 365-program baseline; authoritative source verification pending.,NOT_CHECKED,
valparaiso,14,10,9,0,0,SWEET_SIXTEEN,1998,OWNER_BASELINE_UNVERIFIED,Owner-supplied 365-program baseline; authoritative source verification pending.,NOT_CHECKED,
vanderbilt,5,3,17,0,0,ELITE_EIGHT,1965,VERIFIED,Vanderbilt official 2025-26 Men's Basketball Fact Book and completed 2025-26 press-box history; owner-confirmed conference totals; canonical NCAA cross-check completed 2026-08-14.,MATCH,Verified for the accepted 1900-01 through 2025-26 history boundary.
vcu,14,12,21,1,0,FINAL_FOUR,2011,OWNER_BASELINE_UNVERIFIED,Owner-supplied 365-program baseline; authoritative source verification pending.,NOT_CHECKED,
vermont,14,10,10,0,0,ROUND_OF_32,2005,OWNER_BASELINE_UNVERIFIED,Owner-supplied 365-program baseline; authoritative source verification pending.,NOT_CHECKED,
villanova,14,8,42,7,3,NATIONAL_CHAMPION,2018,OWNER_BASELINE_UNVERIFIED,Owner-supplied 365-program baseline; authoritative source verification pending.,NOT_CHECKED,
virginia,12,3,27,3,1,NATIONAL_CHAMPION,2019,OWNER_BASELINE_UNVERIFIED,Owner-supplied 365-program baseline; authoritative source verification pending.,NOT_CHECKED,
virginia-tech,1,2,13,0,0,ELITE_EIGHT,1967,OWNER_BASELINE_UNVERIFIED,Owner-supplied 365-program baseline; authoritative source verification pending.,NOT_CHECKED,
vmi,2,3,3,0,0,ELITE_EIGHT,1976,OWNER_BASELINE_UNVERIFIED,Owner-supplied 365-program baseline; authoritative source verification pending.,NOT_CHECKED,
wagner,4,2,2,0,0,ROUND_OF_64,,UNDER_REVIEW,Owner-supplied 365-program baseline; authoritative source verification pending.,NOT_CHECKED,Owner baseline has two NCAA appearances and ROUND_OF_64 but no Best Finish Year; future source review required.
wake-forest,5,5,23,1,0,FINAL_FOUR,1962,OWNER_BASELINE_UNVERIFIED,Owner-supplied 365-program baseline; authoritative source verification pending.,NOT_CHECKED,
washington,15,3,17,1,0,FINAL_FOUR,1953,OWNER_BASELINE_UNVERIFIED,Owner-supplied 365-program baseline; authoritative source verification pending.,NOT_CHECKED,
washington-state,2,0,7,1,0,NATIONAL_RUNNER_UP,1941,OWNER_BASELINE_UNVERIFIED,Owner-supplied 365-program baseline; authoritative source verification pending.,NOT_CHECKED,
weber-state,22,10,16,0,0,SWEET_SIXTEEN,1972,OWNER_BASELINE_UNVERIFIED,Owner-supplied 365-program baseline; authoritative source verification pending.,NOT_CHECKED,
west-florida,0,0,0,0,0,,,OWNER_BASELINE_UNVERIFIED,Owner-supplied 365-program baseline; authoritative source verification pending.,NOT_CHECKED,
west-georgia,0,0,0,0,0,,,OWNER_BASELINE_UNVERIFIED,Owner-supplied 365-program baseline; authoritative source verification pending.,NOT_CHECKED,
west-virginia,14,13,31,2,0,NATIONAL_RUNNER_UP,1959,OWNER_BASELINE_UNVERIFIED,Owner-supplied 365-program baseline; authoritative source verification pending.,NOT_CHECKED,
western-carolina,0,1,1,0,0,ROUND_OF_64,1996,OWNER_BASELINE_UNVERIFIED,Owner-supplied 365-program baseline; authoritative source verification pending.,NOT_CHECKED,
western-illinois,2,1,0,0,0,,,OWNER_BASELINE_UNVERIFIED,Owner-supplied 365-program baseline; authoritative source verification pending.,NOT_CHECKED,
western-kentucky,29,20,24,1,0,ELITE_EIGHT,1940,OWNER_BASELINE_UNVERIFIED,Owner-supplied 365-program baseline; authoritative source verification pending.,NOT_CHECKED,
western-michigan,6,2,4,0,0,SWEET_SIXTEEN,1976,OWNER_BASELINE_UNVERIFIED,Owner-supplied 365-program baseline; authoritative source verification pending.,NOT_CHECKED,
wichita-state,16,4,16,2,0,FINAL_FOUR,2013,OWNER_BASELINE_UNVERIFIED,Owner-supplied 365-program baseline; authoritative source verification pending.,NOT_CHECKED,
william-mary,3,0,0,0,0,,,OWNER_BASELINE_UNVERIFIED,Owner-supplied 365-program baseline; authoritative source verification pending.,NOT_CHECKED,
winthrop,12,13,11,0,0,ROUND_OF_32,2007,OWNER_BASELINE_UNVERIFIED,Owner-supplied 365-program baseline; authoritative source verification pending.,NOT_CHECKED,
wisconsin,20,3,29,4,1,NATIONAL_CHAMPION,1941,VERIFIED,"Owner Gate 1 verified Wisconsin reference accomplishments: 20 Big Ten regular-season championships, 3 Big Ten Tournament championships, 29 NCAA Tournament appearances through 2026, 4 Final Fours, 1 NCAA championship, best finish NATIONAL_CHAMPION, best-finish year 1941.",MATCH,Verified through onboarding plan 41aaff807d66.
wofford,4,6,6,0,0,ROUND_OF_32,2019,OWNER_BASELINE_UNVERIFIED,Owner-supplied 365-program baseline; authoritative source verification pending.,NOT_CHECKED,
wright-state,5,5,5,0,0,ROUND_OF_64,2026,OWNER_BASELINE_UNVERIFIED,Owner-supplied 365-program baseline; authoritative source verification pending.,NOT_CHECKED,
wyoming,21,3,16,1,1,NATIONAL_CHAMPION,1943,OWNER_BASELINE_UNVERIFIED,Owner-supplied 365-program baseline; authoritative source verification pending.,NOT_CHECKED,
xavier,17,10,30,0,0,ELITE_EIGHT,2017,OWNER_BASELINE_UNVERIFIED,Owner-supplied 365-program baseline; authoritative source verification pending.,NOT_CHECKED,
yale,18,4,8,0,0,ELITE_EIGHT,1949,OWNER_BASELINE_UNVERIFIED,Owner-supplied 365-program baseline; authoritative source verification pending.,NOT_CHECKED,
youngstown-state,1,0,0,0,0,,,OWNER_BASELINE_UNVERIFIED,Owner-supplied 365-program baseline; authoritative source verification pending.,NOT_CHECKED,
