index,index,source_program_key,source_opponent_label,canonical_opponent_key,canonical_opponent_name,current_d1,games_with_source_label,first_season,last_season,resolution_status,resolution_method,user_choice,audit_note
0,0,maryland,AU Puerto Rico,american-university-of-puerto-rico,American University of Puerto Rico,No,1,1998-1999,1998-1999,RESOLVED,Historical/non-current source identity or documented institutional lineage,,
1,1,maryland,Abilene Christian,abilene-christian,Abilene Christian,Yes,1,2013-2014,2013-2014,RESOLVED,Current D1 registry / Maryland source normalization,,
2,2,maryland,Air Force,air-force,Air Force,Yes,2,1977-1978,1978-1979,RESOLVED,Current D1 registry / Maryland source normalization,,
3,3,maryland,Ala.-Anchorage,alaska-anchorage,Alaska-Anchorage,No,1,1984-1985,1984-1985,RESOLVED,Historical/non-current source identity or documented institutional lineage,,
4,4,maryland,Alabama,alabama,Alabama,Yes,8,1924-1925,2025-2026,RESOLVED,Current D1 registry / Maryland source normalization,,
5,5,maryland,Albany,ualbany,UAlbany,Yes,1,2011-2012,2011-2012,RESOLVED,Current D1 registry / Maryland source normalization,,
6,6,maryland,Alcorn State,alcorn-state,Alcorn State,Yes,4,1989-1990,2025-2026,RESOLVED,Current D1 registry / Maryland source normalization,,
7,7,maryland,American,american-university,American,Yes,18,1926-1927,2016-2017,RESOLVED,Current D1 registry / Maryland source normalization,,
8,8,maryland,Appalachian State,app-state,Appalachian State,Yes,2,1974-1975,1976-1977,RESOLVED,Current D1 registry / Maryland source normalization,,
9,9,maryland,Arizona,arizona,Arizona,Yes,3,1963-1964,2001-2002,RESOLVED,Current D1 registry / Maryland source normalization,,
10,10,maryland,Arizona State,arizona-state,Arizona State,Yes,3,1953-1954,2014-2015,RESOLVED,Current D1 registry / Maryland source normalization,,
11,11,maryland,Arkansas,arkansas,Arkansas,Yes,3,1987-1988,2005-2006,RESOLVED,Current D1 registry / Maryland source normalization,,
12,12,maryland,Army,army,Army,Yes,12,1938-1939,1989-1990,RESOLVED,Current D1 registry / Maryland source normalization,,
13,13,maryland,Augusta College,augusta,Augusta,No,1,1989-1990,1989-1990,RESOLVED,Historical/non-current source identity or documented institutional lineage,,
14,14,maryland,Bainbridge Navy,bainbridge-navy,Bainbridge Navy,No,2,1943-1944,1943-1944,RESOLVED,Historical/non-current source identity or documented institutional lineage,,
15,15,maryland,Ball State,ball-state,Ball State,Yes,1,1976-1977,1976-1977,RESOLVED,Current D1 registry / Maryland source normalization,,
16,16,maryland,Balt. City College,baltimore-city-college,Baltimore City College,No,1,1912-1913,1912-1913,RESOLVED,Historical/non-current source identity or documented institutional lineage,,
17,17,maryland,Balt. Medical College,baltimore-medical-college,Baltimore Medical College,No,1,1912-1913,1912-1913,RESOLVED,Historical/non-current source identity or documented institutional lineage,,
18,18,maryland,Baltimore City College,baltimore-city-college,Baltimore City College,No,3,1913-1914,1937-1938,RESOLVED,Historical/non-current source identity or documented institutional lineage,,
19,19,maryland,Belmont,belmont,Belmont,Yes,1,2018-2019,2018-2019,RESOLVED,Current D1 registry / Maryland source normalization,,
20,20,maryland,Binghamton,binghamton,Binghamton,Yes,1,2022-2023,2022-2023,RESOLVED,Current D1 registry / Maryland source normalization,,
21,21,maryland,Biscayne,st-thomas-university,St. Thomas University,No,1,1978-1979,1978-1979,RESOLVED,Historical/non-current source identity or documented institutional lineage,,"Biscayne is normalized to the historical St. Thomas University (Florida) lineage, distinct from current D1 St. Thomas (Minnesota)."
22,22,maryland,Boston College,boston-college,Boston College,Yes,18,1957-1958,2013-2014,RESOLVED,Current D1 registry / Maryland source normalization,,
23,23,maryland,Boston University,boston-university,Boston University,Yes,5,1975-1976,2013-2014,RESOLVED,Current D1 registry / Maryland source normalization,,
24,24,maryland,Bowie State,bowie-state,Bowie State,No,1,2015-2016,2015-2016,RESOLVED,Historical/non-current source identity or documented institutional lineage,,
25,25,maryland,Brown,brown,Brown,Yes,4,1971-1972,2021-2022,RESOLVED,Current D1 registry / Maryland source normalization,,
26,26,maryland,Bryant,bryant,Bryant,Yes,2,2008-2009,2019-2020,RESOLVED,Current D1 registry / Maryland source normalization,,
27,27,maryland,Bucknell,bucknell,Bucknell,Yes,9,1976-1977,2024-2025,RESOLVED,Current D1 registry / Maryland source normalization,,
28,28,maryland,Buffalo,buffalo,Buffalo,Yes,4,1969-1970,1972-1973,RESOLVED,Current D1 registry / Maryland source normalization,,
29,29,maryland,Butler,butler,Butler,Yes,2,2006-2007,2017-2018,RESOLVED,Current D1 registry / Maryland source normalization,,
30,30,maryland,California,california,California,Yes,2,1996-1997,2008-2009,RESOLVED,Current D1 registry / Maryland source normalization,,
31,31,maryland,Canisius,canisius,Canisius,Yes,8,1971-1972,2024-2025,RESOLVED,Current D1 registry / Maryland source normalization,,
32,32,maryland,Catholic,catholic,Catholic,No,23,1910-1911,2017-2018,RESOLVED,Historical/non-current source identity or documented institutional lineage,,
33,33,maryland,Central Connecticut,central-connecticut,Central Connecticut,Yes,1,2014-2015,2014-2015,RESOLVED,Current D1 registry / Maryland source normalization,,
34,34,maryland,Central Florida,ucf,UCF,Yes,1,1986-1987,1986-1987,RESOLVED,Current D1 registry / Maryland source normalization,,
35,35,maryland,Central YMCA,central-ymca,Central YMCA,No,1,1912-1913,1912-1913,RESOLVED,Historical/non-current source identity or documented institutional lineage,,
36,36,maryland,Chaminade,chaminade,Chaminade,No,3,1994-1995,2009-2010,RESOLVED,Historical/non-current source identity or documented institutional lineage,,
37,37,maryland,Charleston Southern,charleston-southern,Charleston Southern,Yes,1,2009-2010,2009-2010,RESOLVED,Current D1 registry / Maryland source normalization,,
38,38,maryland,Charlotte,charlotte,Charlotte,Yes,3,2007-2008,2016-2017,RESOLVED,Current D1 registry / Maryland source normalization,,
39,39,maryland,Chicago State,chicago-state,Chicago State,Yes,2,1996-1997,2000-2001,RESOLVED,Current D1 registry / Maryland source normalization,,
40,40,maryland,Cincinnati,cincinnati,Cincinnati,Yes,4,1948-1949,2009-2010,RESOLVED,Current D1 registry / Maryland source normalization,,
41,41,maryland,City College of NY,city-college-of-ny,City College of NY,No,2,1924-1925,1941-1942,RESOLVED,Historical/non-current source identity or documented institutional lineage,,
42,42,maryland,Clemson,clemson,Clemson,Yes,141,1938-1939,2020-2021,RESOLVED,Current D1 registry / Maryland source normalization,,
43,43,maryland,Cleveland State,cleveland-state,Cleveland State,Yes,2,1984-1985,2015-2016,RESOLVED,Current D1 registry / Maryland source normalization,,
44,44,maryland,Coastal Carolina,coastal-carolina,Coastal Carolina,Yes,1,1999-2000,1999-2000,RESOLVED,Current D1 registry / Maryland source normalization,,
45,45,maryland,Colgate,colgate,Colgate,Yes,2,1994-1995,2010-2011,RESOLVED,Current D1 registry / Maryland source normalization,,
46,46,maryland,Coll. of Charleston,charleston,Charleston,Yes,1,2010-2011,2010-2011,RESOLVED,Current D1 registry / Maryland source normalization,,
47,47,maryland,College of Charleston,charleston,Charleston,Yes,1,1996-1997,1996-1997,RESOLVED,Current D1 registry / Maryland source normalization,,
48,48,maryland,Colorado,colorado,Colorado,Yes,1,2011-2012,2011-2012,RESOLVED,Current D1 registry / Maryland source normalization,,
49,49,maryland,Colorado State,colorado-state,Colorado State,Yes,1,2024-2025,2024-2025,RESOLVED,Current D1 registry / Maryland source normalization,,
50,50,maryland,Columbia,columbia,Columbia,Yes,2,1924-1925,1963-1964,RESOLVED,Current D1 registry / Maryland source normalization,,
51,51,maryland,Connecticut,uconn,UConn,Yes,7,1940-1941,2020-2021,RESOLVED,Current D1 registry / Maryland source normalization,,
52,52,maryland,Coppin State,coppin-state,Coppin State,Yes,4,1989-1990,2025-2026,RESOLVED,Current D1 registry / Maryland source normalization,,
53,53,maryland,Cornell,cornell,Cornell,Yes,2,1993-1994,2011-2012,RESOLVED,Current D1 registry / Maryland source normalization,,
54,54,maryland,Creighton,creighton,Creighton,Yes,2,1974-1975,1998-1999,RESOLVED,Current D1 registry / Maryland source normalization,,
55,55,maryland,Davidson,davidson,Davidson,Yes,12,1938-1939,2023-2024,RESOLVED,Current D1 registry / Maryland source normalization,,
56,56,maryland,Dayton,dayton,Dayton,Yes,4,1965-1966,2000-2001,RESOLVED,Current D1 registry / Maryland source normalization,,
57,57,maryland,DePaul,depaul,DePaul,Yes,2,1976-1977,1998-1999,RESOLVED,Current D1 registry / Maryland source normalization,,
58,58,maryland,DePauw,depauw,DePauw,No,2,1974-1975,1975-1976,RESOLVED,Historical/non-current source identity or documented institutional lineage,,
59,59,maryland,Delaware,delaware,Delaware,Yes,6,1910-1911,2018-2019,RESOLVED,Current D1 registry / Maryland source normalization,,
60,60,maryland,Delaware State,delaware-state,Delaware State,Yes,7,1989-1990,2012-2013,RESOLVED,Current D1 registry / Maryland source normalization,,
61,61,maryland,Denver,denver,Denver,Yes,1,2012-2013,2012-2013,RESOLVED,Current D1 registry / Maryland source normalization,,
62,62,maryland,Detroit,detroit-mercy,Detroit Mercy,Yes,1,2001-2002,2001-2002,RESOLVED,Current D1 registry / Maryland source normalization,,
63,63,maryland,Dickinson College,dickinson-college,Dickinson College,No,1,1937-1938,1937-1938,RESOLVED,Historical/non-current source identity or documented institutional lineage,,
64,64,maryland,Duke,duke,Duke,Yes,177,1925-1926,2013-2014,RESOLVED,Current D1 registry / Maryland source normalization,,
65,65,maryland,Duquesne,duquesne,Duquesne,Yes,8,1971-1972,2002-2003,RESOLVED,Current D1 registry / Maryland source normalization,,
66,66,maryland,E. Tennessee State,east-tennessee-state,East Tennessee State,Yes,2,1974-1975,1989-1990,RESOLVED,Current D1 registry / Maryland source normalization,,
67,67,maryland,East Carolina,east-carolina,East Carolina,Yes,6,1975-1976,1987-1988,RESOLVED,Current D1 registry / Maryland source normalization,,
68,68,maryland,Eastern Kentucky,eastern-kentucky,Eastern Kentucky,Yes,2,1973-1974,2009-2010,RESOLVED,Current D1 registry / Maryland source normalization,,
69,69,maryland,Elon,elon,Elon,Yes,2,2008-2009,2010-2011,RESOLVED,Current D1 registry / Maryland source normalization,,
70,70,maryland,Evansville,evansville,Evansville,Yes,2,1953-1954,1991-1992,RESOLVED,Current D1 registry / Maryland source normalization,,
71,71,maryland,Fairfield,fairfield,Fairfield,Yes,2,2009-2010,2019-2020,RESOLVED,Current D1 registry / Maryland source normalization,,
72,72,maryland,Fairleigh Dickinson,fairleigh-dickinson,Fairleigh Dickinson,Yes,7,1980-1981,2017-2018,RESOLVED,Current D1 registry / Maryland source normalization,,
73,73,maryland,Fla. International,florida-international,FIU,Yes,1,2011-2012,2011-2012,RESOLVED,Current D1 registry / Maryland source normalization,,
74,74,maryland,Florida,florida,Florida,Yes,5,1931-1932,2024-2025,RESOLVED,Current D1 registry / Maryland source normalization,,
75,75,maryland,Florida A&M,florida-a-m,Florida A&M,Yes,2,2006-2007,2024-2025,RESOLVED,Current D1 registry / Maryland source normalization,,
76,76,maryland,Florida Atlantic,florida-atlantic,Florida Atlantic,Yes,2,2009-2010,2013-2014,RESOLVED,Current D1 registry / Maryland source normalization,,
77,77,maryland,Florida Gulf Coast,florida-gulf-coast,Florida Gulf Coast,Yes,1,2011-2012,2011-2012,RESOLVED,Current D1 registry / Maryland source normalization,,
78,78,maryland,Florida International,florida-international,FIU,Yes,1,1997-1998,1997-1998,RESOLVED,Current D1 registry / Maryland source normalization,,
79,79,maryland,Florida State,florida-state,Florida State,Yes,45,1991-1992,2013-2014,RESOLVED,Current D1 registry / Maryland source normalization,,
80,80,maryland,Fordham,fordham,Fordham,Yes,10,1956-1957,2014-2015,RESOLVED,Current D1 registry / Maryland source normalization,,
81,81,maryland,Fort Belvoir,fort-belvoir,Fort Belvoir,No,1,1943-1944,1943-1944,RESOLVED,Historical/non-current source identity or documented institutional lineage,,
82,82,maryland,G. Washington,george-washington,George Washington,Yes,4,1952-1953,2002-2003,RESOLVED,Current D1 registry / Maryland source normalization,,
83,83,maryland,Gallaudet,gallaudet,Gallaudet,No,14,1910-1911,1944-1945,RESOLVED,Historical/non-current source identity or documented institutional lineage,,
84,84,maryland,Gardner-Webb,gardner-webb,Gardner-Webb,Yes,1,2017-2018,2017-2018,RESOLVED,Current D1 registry / Maryland source normalization,,
85,85,maryland,Geo. Washington,george-washington,George Washington,Yes,24,1938-1939,2005-2006,RESOLVED,Current D1 registry / Maryland source normalization,,
86,86,maryland,George Mason,george-mason,George Mason,Yes,10,1981-1982,2021-2022,RESOLVED,Current D1 registry / Maryland source normalization,,
87,87,maryland,George Wash.,george-washington,George Washington,Yes,1,2008-2009,2008-2009,RESOLVED,Current D1 registry / Maryland source normalization,,
88,88,maryland,George Washington,george-washington,George Washington,Yes,39,1912-1913,2021-2022,RESOLVED,Current D1 registry / Maryland source normalization,,
89,89,maryland,Georgetown,georgetown,Georgetown,Yes,66,1910-1911,2025-2026,RESOLVED,Current D1 registry / Maryland source normalization,,
90,90,maryland,Georgia,georgia,Georgia,Yes,7,1923-1924,1996-1997,RESOLVED,Current D1 registry / Maryland source normalization,,
91,91,maryland,Georgia Southern,georgia-southern,Georgia Southern,Yes,1,2012-2013,2012-2013,RESOLVED,Current D1 registry / Maryland source normalization,,
92,92,maryland,Georgia State,georgia-state,Georgia State,Yes,2,1988-1989,2000-2001,RESOLVED,Current D1 registry / Maryland source normalization,,
93,93,maryland,Georgia Tech,georgia-tech,Georgia Tech,Yes,76,1972-1973,2013-2014,RESOLVED,Current D1 registry / Maryland source normalization,,
94,94,maryland,Gonzaga,gonzaga,Gonzaga,Yes,5,1994-1995,2025-2026,RESOLVED,Current D1 registry / Maryland source normalization,,
95,95,maryland,Grand Canyon,grand-canyon,Grand Canyon,Yes,1,2024-2025,2024-2025,RESOLVED,Current D1 registry / Maryland source normalization,,
96,96,maryland,Hampden-Sydney,hampden-sydney,Hampden-Sydney,No,4,1938-1939,1945-1946,RESOLVED,Historical/non-current source identity or documented institutional lineage,,
97,97,maryland,Hampton,hampton,Hampton,Yes,3,2002-2003,2007-2008,RESOLVED,Current D1 registry / Maryland source normalization,,
98,98,maryland,Harvard,harvard,Harvard,Yes,1,2019-2020,2019-2020,RESOLVED,Current D1 registry / Maryland source normalization,,
99,99,maryland,Hawaii,hawai-i,Hawai'i,Yes,3,1984-1985,2015-2016,RESOLVED,Current D1 registry / Maryland source normalization,,
100,100,maryland,Hawaii-Pacific,hawaii-pacific,Hawaii-Pacific,No,1,1985-1986,1985-1986,RESOLVED,Historical/non-current source identity or documented institutional lineage,,
101,101,maryland,High Point,high-point,High Point,Yes,1,2006-2007,2006-2007,RESOLVED,Current D1 registry / Maryland source normalization,,
102,102,maryland,Hofstra,hofstra,Hofstra,Yes,6,1981-1982,2021-2022,RESOLVED,Current D1 registry / Maryland source normalization,,
103,103,maryland,Holy Cross,holy-cross,Holy Cross,Yes,6,1971-1972,2019-2020,RESOLVED,Current D1 registry / Maryland source normalization,,
104,104,maryland,Houston,houston,Houston,Yes,3,1965-1966,2009-2010,RESOLVED,Current D1 registry / Maryland source normalization,,
105,105,maryland,Howard,howard,Howard,Yes,4,1992-1993,2016-2017,RESOLVED,Current D1 registry / Maryland source normalization,,
106,106,maryland,ILLINOIS,illinois,Illinois,Yes,1,2022-2023,2022-2023,RESOLVED,Current D1 registry / Maryland source normalization,,
107,107,maryland,IUPUI,iu-indianapolis,IU Indianapolis,Yes,1,2012-2013,2012-2013,RESOLVED,Current D1 registry / Maryland source normalization,,
108,108,maryland,Illinois,illinois,Illinois,Yes,26,1983-1984,2025-2026,RESOLVED,Current D1 registry / Maryland source normalization,,
109,109,maryland,Illinois State,illinois-state,Illinois State,Yes,1,2015-2016,2015-2016,RESOLVED,Current D1 registry / Maryland source normalization,,
110,110,maryland,Indiana,indiana,Indiana,Yes,25,1933-1934,2025-2026,RESOLVED,Current D1 registry / Maryland source normalization,,
111,111,maryland,Iona,iona,Iona,Yes,3,1999-2000,2011-2012,RESOLVED,Current D1 registry / Maryland source normalization,,
112,112,maryland,Iowa,iowa,Iowa,Yes,21,1984-1985,2025-2026,RESOLVED,Current D1 registry / Maryland source normalization,,
113,113,maryland,Iowa State,iowa-state,Iowa State,Yes,1,2014-2015,2014-2015,RESOLVED,Current D1 registry / Maryland source normalization,,
114,114,maryland,Jackson State,jackson-state,Jackson State,Yes,2,2004-2005,2017-2018,RESOLVED,Current D1 registry / Maryland source normalization,,
115,115,maryland,Jacksonville,jacksonville,Jacksonville,Yes,3,1971-1972,1990-1991,RESOLVED,Current D1 registry / Maryland source normalization,,
116,116,maryland,Jacksonville St.,jacksonville-state,Jacksonville State,Yes,1,2016-2017,2016-2017,RESOLVED,Current D1 registry / Maryland source normalization,,
117,117,maryland,James Madison,james-madison,James Madison,Yes,1,1986-1987,1986-1987,RESOLVED,Current D1 registry / Maryland source normalization,,
118,118,maryland,Johns Hopkins,johns-hopkins,Johns Hopkins,No,24,1927-1928,1983-1984,RESOLVED,Historical/non-current source identity or documented institutional lineage,,
119,119,maryland,Kansas,kansas,Kansas,Yes,6,1964-1965,2015-2016,RESOLVED,Current D1 registry / Maryland source normalization,,
120,120,maryland,Kansas State,kansas-state,Kansas State,Yes,2,1965-1966,2016-2017,RESOLVED,Current D1 registry / Maryland source normalization,,
121,121,maryland,Kent,kent-state,Kent State,Yes,1,1972-1973,1972-1973,RESOLVED,Current D1 registry / Maryland source normalization,,
122,122,maryland,Kentucky,kentucky,Kentucky,Yes,14,1927-1928,2012-2013,RESOLVED,Current D1 registry / Maryland source normalization,,
123,123,maryland,Kentucky Wesleyan,kentucky-wesleyan,Kentucky Wesleyan,No,1,1953-1954,1953-1954,RESOLVED,Historical/non-current source identity or documented institutional lineage,,
124,124,maryland,LIU-Brooklyn,long-island-university,Long Island University,Yes,1,2012-2013,2012-2013,RESOLVED,Current D1 registry / Maryland source normalization,,Normalized to the LIU program lineage.
125,125,maryland,LSU,lsu,LSU,Yes,1,2018-2019,2018-2019,RESOLVED,Current D1 registry / Maryland source normalization,,
126,126,maryland,La Salle,la-salle,La Salle,Yes,4,1983-1984,2020-2021,RESOLVED,Current D1 registry / Maryland source normalization,,
127,127,maryland,Lafayette,lafayette,Lafayette,Yes,5,1924-1925,2012-2013,RESOLVED,Current D1 registry / Maryland source normalization,,
128,128,maryland,Lamar,lamar,Lamar,Yes,1,1988-1989,1988-1989,RESOLVED,Current D1 registry / Maryland source normalization,,
129,129,maryland,Lehigh,lehigh,Lehigh,Yes,3,1970-1971,2021-2022,RESOLVED,Current D1 registry / Maryland source normalization,,
130,130,maryland,Liberty,liberty,Liberty,Yes,1,2004-2005,2004-2005,RESOLVED,Current D1 registry / Maryland source normalization,,
131,131,maryland,Long Island,long-island-university,Long Island University,Yes,7,1971-1972,1981-1982,RESOLVED,Current D1 registry / Maryland source normalization,,Normalized to the LIU program lineage.
132,132,maryland,Longwood,longwood,Longwood,Yes,2,2009-2010,2010-2011,RESOLVED,Current D1 registry / Maryland source normalization,,
133,133,maryland,Louisiana State,lsu,LSU,Yes,4,1930-1931,1988-1989,RESOLVED,Current D1 registry / Maryland source normalization,,
134,134,maryland,Louisville,louisville,Louisville,Yes,9,1961-1962,2022-2023,RESOLVED,Current D1 registry / Maryland source normalization,,
135,135,maryland,Loyola (Chicago),loyola-chicago,Loyola (Chicago),Yes,1,2018-2019,2018-2019,RESOLVED,Current D1 registry / Maryland source normalization,,
136,136,maryland,Loyola (Md.),loyola-maryland,Loyola Maryland,Yes,13,1913-1914,2018-2019,RESOLVED,Current D1 registry / Maryland source normalization,,
137,137,maryland,Loyola (New Orleans),loyola-new-orleans,Loyola (New Orleans),No,1,1958-1959,1958-1959,RESOLVED,Historical/non-current source identity or documented institutional lineage,,
138,138,maryland,MD-Eastern Shore,maryland-eastern-shore,Maryland Eastern Shore,Yes,1,2003-2004,2003-2004,RESOLVED,Current D1 registry / Maryland source normalization,,
139,139,maryland,MIchigan,michigan,Michigan,Yes,1,2019-2020,2019-2020,RESOLVED,Current D1 registry / Maryland source normalization,,
140,140,maryland,Maine,maine,Maine,Yes,2,1969-1970,2010-2011,RESOLVED,Current D1 registry / Maryland source normalization,,
141,141,maryland,Manhattan,manhattan,Manhattan,Yes,3,1957-1958,2024-2025,RESOLVED,Current D1 registry / Maryland source normalization,,
142,142,maryland,Marine Corps Institute,marine-corps-institute,Marine Corps Institute,No,2,1944-1945,1945-1946,RESOLVED,Historical/non-current source identity or documented institutional lineage,,
143,143,maryland,Marist,marist,Marist,Yes,1,2013-2014,2013-2014,RESOLVED,Current D1 registry / Maryland source normalization,,
144,144,maryland,Marquette,marquette,Marquette,Yes,3,2019-2020,2025-2026,RESOLVED,Current D1 registry / Maryland source normalization,,
145,145,maryland,Marshall,marshall,Marshall,Yes,6,1943-1944,2018-2019,RESOLVED,Current D1 registry / Maryland source normalization,,
146,146,maryland,Maryland Eastern Shore,maryland-eastern-shore,Maryland Eastern Shore,Yes,1,2015-2016,2015-2016,RESOLVED,Current D1 registry / Maryland source normalization,,
147,147,maryland,Massachusetts,massachusetts,Massachusetts,Yes,6,1989-1990,1996-1997,RESOLVED,Current D1 registry / Maryland source normalization,,
148,148,maryland,Memphis,memphis,Memphis,Yes,2,2004-2005,2008-2009,RESOLVED,Current D1 registry / Maryland source normalization,,
149,149,maryland,Memphis State,memphis,Memphis,Yes,2,1957-1958,1966-1967,RESOLVED,Current D1 registry / Maryland source normalization,,Historical Memphis State name normalized to Memphis program lineage.
150,150,maryland,Mercer,mercer,Mercer,Yes,1,2004-2005,2004-2005,RESOLVED,Current D1 registry / Maryland source normalization,,
151,151,maryland,Miami,miami,Miami (FL),Yes,22,1948-1949,2013-2014,RESOLVED,Current D1 registry / Maryland source normalization,,
152,152,maryland,Miami (FL),miami,Miami (FL),Yes,1,2022-2023,2022-2023,RESOLVED,Current D1 registry / Maryland source normalization,,
153,153,maryland,Miami (Ohio),miami-oh,Miami (OH),Yes,1,2002-2003,2002-2003,RESOLVED,Current D1 registry / Maryland source normalization,,
154,154,maryland,Miami-OH,miami-oh,Miami (OH),Yes,2,1979-1980,1984-1985,RESOLVED,Current D1 registry / Maryland source normalization,,
155,155,maryland,Michigan,michigan,Michigan,Yes,24,1926-1927,2025-2026,RESOLVED,Current D1 registry / Maryland source normalization,,
156,156,maryland,Michigan State,michigan-state,Michigan State,Yes,26,1955-1956,2025-2026,RESOLVED,Current D1 registry / Maryland source normalization,,
157,157,maryland,Minnesota,minnesota,Minnesota,Yes,21,1960-1961,2025-2026,RESOLVED,Current D1 registry / Maryland source normalization,,
158,158,maryland,Mississippi,ole-miss,Ole Miss,Yes,2,1928-1929,1987-1988,RESOLVED,Current D1 registry / Maryland source normalization,,
159,159,maryland,Mississippi State,mississippi-state,Mississippi State,Yes,3,1925-1926,1961-1962,RESOLVED,Current D1 registry / Maryland source normalization,,
160,160,maryland,Missouri,missouri,Missouri,Yes,5,1987-1988,2007-2008,RESOLVED,Current D1 registry / Maryland source normalization,,
161,161,maryland,Missouri-Kansas City,kansas-city,Kansas City,Yes,1,2006-2007,2006-2007,RESOLVED,Current D1 registry / Maryland source normalization,,
162,162,maryland,Monmouth,monmouth,Monmouth,Yes,4,1988-1989,2014-2015,RESOLVED,Current D1 registry / Maryland source normalization,,
163,163,maryland,Montana State,montana-state,Montana State,Yes,1,1956-1957,1956-1957,RESOLVED,Current D1 registry / Maryland source normalization,,
164,164,maryland,Morehead State,morehead-state,Morehead State,Yes,1,2012-2013,2012-2013,RESOLVED,Current D1 registry / Maryland source normalization,,
165,165,maryland,Morgan State,morgan-state,Morgan State,Yes,7,1988-1989,2013-2014,RESOLVED,Current D1 registry / Maryland source normalization,,
166,166,maryland,Mount St. Joseph’s,mount-st-josephs,Mount St. Joseph's,No,5,1910-1911,1913-1914,RESOLVED,Historical/non-current source identity or documented institutional lineage,,
167,167,maryland,Mount St. Mary's,mount-st-mary-s,Mount St. Mary's,Yes,1,2025-2026,2025-2026,RESOLVED,Current D1 registry / Maryland source normalization,,
168,168,maryland,Mount St. Mary’s,mount-st-mary-s,Mount St. Mary's,Yes,12,1987-1988,2024-2025,RESOLVED,Current D1 registry / Maryland source normalization,,
169,169,maryland,N.C. Central,north-carolina-central,North Carolina Central,Yes,1,2013-2014,2013-2014,RESOLVED,Current D1 registry / Maryland source normalization,,
170,170,maryland,N.C. State,nc-state,NC State,Yes,1,2013-2014,2013-2014,RESOLVED,Current D1 registry / Maryland source normalization,,
171,171,maryland,NC A&T,north-carolina-a-t,NC A&T,Yes,1,2018-2019,2018-2019,RESOLVED,Current D1 registry / Maryland source normalization,,
172,172,maryland,NC Central,north-carolina-central,North Carolina Central,Yes,1,2014-2015,2014-2015,RESOLVED,Current D1 registry / Maryland source normalization,,
173,173,maryland,NC State,nc-state,NC State,Yes,150,1924-1925,2012-2013,RESOLVED,Current D1 registry / Maryland source normalization,,
174,174,maryland,NJIT,njit,NJIT,Yes,1,2010-2011,2010-2011,RESOLVED,Current D1 registry / Maryland source normalization,,
175,175,maryland,Navy,navy,Navy,Yes,59,1924-1925,2020-2021,RESOLVED,Current D1 registry / Maryland source normalization,,
176,176,maryland,Nebraska,nebraska,Nebraska,Yes,19,2014-2015,2025-2026,RESOLVED,Current D1 registry / Maryland source normalization,,
177,177,maryland,New Hampshire,new-hampshire,New Hampshire,Yes,1,2009-2010,2009-2010,RESOLVED,Current D1 registry / Maryland source normalization,,
178,178,maryland,New Mexico,new-mexico,New Mexico,Yes,1,2017-2018,2017-2018,RESOLVED,Current D1 registry / Maryland source normalization,,
179,179,maryland,New Mexico A&M,new-mexico-state,New Mexico State,Yes,1,1956-1957,1956-1957,RESOLVED,Current D1 registry / Maryland source normalization,,Historical New Mexico A&M name normalized to New Mexico State program lineage.
180,180,maryland,New York University,new-york-university,New York University,No,2,1910-1911,1937-1938,RESOLVED,Historical/non-current source identity or documented institutional lineage,,
181,181,maryland,Niagara,niagara,Niagara,Yes,3,1971-1972,2022-2023,RESOLVED,Current D1 registry / Maryland source normalization,,
182,182,maryland,Nicholls,nicholls,Nicholls,Yes,1,2023-2024,2023-2024,RESOLVED,Current D1 registry / Maryland source normalization,,
183,183,maryland,Nicholls State,nicholls,Nicholls,Yes,1,2005-2006,2005-2006,RESOLVED,Current D1 registry / Maryland source normalization,,
184,184,maryland,No. Carolina,north-carolina,North Carolina,Yes,156,1923-1924,2001-2002,RESOLVED,Current D1 registry / Maryland source normalization,,
185,185,maryland,Norfolk State,norfolk-state,Norfolk State,Yes,2,2000-2001,2001-2002,RESOLVED,Current D1 registry / Maryland source normalization,,
186,186,maryland,North Carolina,north-carolina,North Carolina,Yes,24,2001-2002,2015-2016,RESOLVED,Current D1 registry / Maryland source normalization,,
187,187,maryland,North Florida,north-florida,North Florida,Yes,2,2007-2008,2010-2011,RESOLVED,Current D1 registry / Maryland source normalization,,
188,188,maryland,North Texas,north-texas,North Texas,Yes,1,1998-1999,1998-1999,RESOLVED,Current D1 registry / Maryland source normalization,,
189,189,maryland,Northeastern,northeastern,Northeastern,Yes,2,1985-1986,2007-2008,RESOLVED,Current D1 registry / Maryland source normalization,,
190,190,maryland,Northern Iowa,northern-iowa,Northern Iowa,Yes,1,2013-2014,2013-2014,RESOLVED,Current D1 registry / Maryland source normalization,,
191,191,maryland,Northwestern,northwestern,Northwestern,Yes,21,1958-1959,2025-2026,RESOLVED,Current D1 registry / Maryland source normalization,,
192,192,maryland,Notre Dame,notre-dame,Notre Dame,Yes,21,1974-1975,2019-2020,RESOLVED,Current D1 registry / Maryland source normalization,,
193,193,maryland,Oakland,oakland,Oakland,Yes,2,2014-2015,2019-2020,RESOLVED,Current D1 registry / Maryland source normalization,,
194,194,maryland,Ohio,ohio,Ohio,Yes,2,2007-2008,2017-2018,RESOLVED,Current D1 registry / Maryland source normalization,,
195,195,maryland,Ohio State,ohio-state,Ohio State,Yes,25,1934-1935,2025-2026,RESOLVED,Current D1 registry / Maryland source normalization,,
196,196,maryland,Ohio University,ohio,Ohio,Yes,1,1981-1982,1981-1982,RESOLVED,Current D1 registry / Maryland source normalization,,
197,197,maryland,Ohio Wesleyan,ohio-wesleyan,Ohio Wesleyan,No,1,1949-1950,1949-1950,RESOLVED,Historical/non-current source identity or documented institutional lineage,,
198,198,maryland,Oklahoma,oklahoma,Oklahoma,Yes,4,1992-1993,2001-2002,RESOLVED,Current D1 registry / Maryland source normalization,,
199,199,maryland,Oklahoma State,oklahoma-state,Oklahoma State,Yes,3,1966-1967,2016-2017,RESOLVED,Current D1 registry / Maryland source normalization,,
200,200,maryland,Old Dominion,old-dominion,Old Dominion,Yes,7,1982-1983,2025-2026,RESOLVED,Current D1 registry / Maryland source normalization,,
201,201,maryland,Oral Roberts,oral-roberts,Oral Roberts,Yes,1,2004-2005,2004-2005,RESOLVED,Current D1 registry / Maryland source normalization,,
202,202,maryland,Oregon,oregon,Oregon,Yes,3,2024-2025,2025-2026,RESOLVED,Current D1 registry / Maryland source normalization,,
203,203,maryland,Oregon State,oregon-state,Oregon State,Yes,1,2013-2014,2013-2014,RESOLVED,Current D1 registry / Maryland source normalization,,
204,204,maryland,Penn State,penn-state,Penn State,Yes,34,1960-1961,2025-2026,RESOLVED,Current D1 registry / Maryland source normalization,,
205,205,maryland,Pennsylvania,pennsylvania,Pennsylvania,Yes,15,1926-1927,2000-2001,RESOLVED,Current D1 registry / Maryland source normalization,,
206,206,maryland,Pepperdine,pepperdine,Pepperdine,Yes,2,1985-1986,2003-2004,RESOLVED,Current D1 registry / Maryland source normalization,,
207,207,maryland,Pittsburgh,pittsburgh,Pittsburgh,Yes,10,1976-1977,2016-2017,RESOLVED,Current D1 registry / Maryland source normalization,,
208,208,maryland,Princeton,princeton,Princeton,Yes,9,1924-1925,2015-2016,RESOLVED,Current D1 registry / Maryland source normalization,,
209,209,maryland,Providence,providence,Providence,Yes,3,1972-1973,2013-2014,RESOLVED,Current D1 registry / Maryland source normalization,,
210,210,maryland,Purdue,purdue,Purdue,Yes,17,2014-2015,2025-2026,RESOLVED,Current D1 registry / Maryland source normalization,,
211,211,maryland,Quantico Marines,quantico-marines,Quantico Marines,No,3,1943-1944,1946-1947,RESOLVED,Historical/non-current source identity or documented institutional lineage,,
212,212,maryland,Quinnipiac,quinnipiac,Quinnipiac,Yes,1,2021-2022,2021-2022,RESOLVED,Current D1 registry / Maryland source normalization,,
213,213,maryland,Radford,radford,Radford,Yes,2,2011-2012,2018-2019,RESOLVED,Current D1 registry / Maryland source normalization,,
214,214,maryland,Randolph Macon,randolph-macon,Randolph Macon,No,5,1928-1929,1985-1986,RESOLVED,Historical/non-current source identity or documented institutional lineage,,
215,215,maryland,Rhode Island,rhode-island,Rhode Island,Yes,5,1939-1940,2019-2020,RESOLVED,Current D1 registry / Maryland source normalization,,
216,216,maryland,Richmond,richmond,Richmond,Yes,42,1923-1924,2021-2022,RESOLVED,Current D1 registry / Maryland source normalization,,
217,217,maryland,Rider,rider,Rider,Yes,5,1991-1992,2023-2024,RESOLVED,Current D1 registry / Maryland source normalization,,
218,218,maryland,Rutgers,rutgers,Rutgers,Yes,26,1939-1940,2025-2026,RESOLVED,Current D1 registry / Maryland source normalization,,
219,219,maryland,Sacramento State,sacramento-state,Sacramento State,Yes,1,1989-1990,1989-1990,RESOLVED,Current D1 registry / Maryland source normalization,,
220,220,maryland,Saint Francis,saint-francis-pa,Saint Francis (PA),No,2,2015-2016,2024-2025,RESOLVED,Historical/non-current source identity or documented institutional lineage,,Maryland series/source context identifies Saint Francis (Pa.); retained as the Pennsylvania program identity.
221,221,maryland,Saint Louis,saint-louis,Saint Louis,Yes,1,2022-2023,2022-2023,RESOLVED,Current D1 registry / Maryland source normalization,,
222,222,maryland,Saint Peter’s,saint-peter-s,Saint Peter's,Yes,3,2016-2017,2022-2023,RESOLVED,Current D1 registry / Maryland source normalization,,
223,223,maryland,Samford,samford,Samford,Yes,1,2011-2012,2011-2012,RESOLVED,Current D1 registry / Maryland source normalization,,
224,224,maryland,San Francisco,san-francisco,San Francisco,Yes,2,1973-1974,1999-2000,RESOLVED,Current D1 registry / Maryland source normalization,,
225,225,maryland,Santa Clara,santa-clara,Santa Clara,Yes,2,1973-1974,1995-1996,RESOLVED,Current D1 registry / Maryland source normalization,,
226,226,maryland,Savannah State,savannah-state,Savannah State,Yes,1,2007-2008,2007-2008,RESOLVED,Current D1 registry / Maryland source normalization,,
227,227,maryland,Seattle Univ.,seattle-u,Seattle U,Yes,1,2010-2011,2010-2011,RESOLVED,Current D1 registry / Maryland source normalization,,
228,228,maryland,Seton Hall,seton-hall,Seton Hall,Yes,5,1941-1942,2019-2020,RESOLVED,Current D1 registry / Maryland source normalization,,
229,229,maryland,Siena,siena,Siena,Yes,2,2001-2002,2006-2007,RESOLVED,Current D1 registry / Maryland source normalization,,
230,230,maryland,So. California,usc,USC,Yes,1,1989-1990,1989-1990,RESOLVED,Current D1 registry / Maryland source normalization,,
231,231,maryland,South Alabama,south-alabama,South Alabama,Yes,1,2023-2024,2023-2024,RESOLVED,Current D1 registry / Maryland source normalization,,
232,232,maryland,South Carolina,south-carolina,South Carolina,Yes,58,1924-1925,2004-2005,RESOLVED,Current D1 registry / Maryland source normalization,,
233,233,maryland,South Carolina State,south-carolina-state,South Carolina State,Yes,2,1998-1999,2012-2013,RESOLVED,Current D1 registry / Maryland source normalization,,
234,234,maryland,South Dakota State,south-dakota-state,South Dakota State,Yes,1,2015-2016,2015-2016,RESOLVED,Current D1 registry / Maryland source normalization,,
235,235,maryland,South Florida,south-florida,South Florida,Yes,2,1989-1990,1990-1991,RESOLVED,Current D1 registry / Maryland source normalization,,
236,236,maryland,Southern California,usc,USC,Yes,2,1978-1979,1990-1991,RESOLVED,Current D1 registry / Maryland source normalization,,
237,237,maryland,Southern Illinois,southern-illinois,Southern Illinois,Yes,1,1967-1968,1967-1968,RESOLVED,Current D1 registry / Maryland source normalization,,
238,238,maryland,St. Bonaventure,st-bonaventure,St. Bonaventure,Yes,1,2017-2018,2017-2018,RESOLVED,Current D1 registry / Maryland source normalization,,
239,239,maryland,St. Francis,saint-francis-pa,Saint Francis (PA),No,1,1955-1956,1955-1956,RESOLVED,Historical/non-current source identity or documented institutional lineage,,Maryland series/source context identifies Saint Francis (Pa.); retained as the Pennsylvania program identity.
240,240,maryland,St. John’s,st-john-s,St. John's,Yes,4,1941-1942,2006-2007,RESOLVED,Current D1 registry / Maryland source normalization,,
241,241,maryland,St. John’s (Annapolis),st-johns-annapolis,St. John's (Annapolis),No,14,1913-1914,1938-1939,RESOLVED,Historical/non-current source identity or documented institutional lineage,,
242,242,maryland,St. Joseph’s,saint-joseph-s,Saint Joseph's,Yes,4,1971-1972,1982-1983,RESOLVED,Current D1 registry / Maryland source normalization,,
243,243,maryland,St. Louis,saint-louis,Saint Louis,Yes,1,1993-1994,1993-1994,RESOLVED,Current D1 registry / Maryland source normalization,,
244,244,maryland,St. Mary’s (MD),st-marys-md,St. Mary's College of Md.,No,1,2016-2017,2016-2017,RESOLVED,Historical/non-current source identity or documented institutional lineage,,
245,245,maryland,St. Peter’s,saint-peter-s,Saint Peter's,Yes,1,1981-1982,1981-1982,RESOLVED,Current D1 registry / Maryland source normalization,,
246,246,maryland,Stanford,stanford,Stanford,Yes,3,1985-1986,2000-2001,RESOLVED,Current D1 registry / Maryland source normalization,,
247,247,maryland,Staunton Military,staunton-military,Staunton Military,No,1,1910-1911,1910-1911,RESOLVED,Historical/non-current source identity or documented institutional lineage,,
248,248,maryland,Stevens Institute,stevens-institute,Stevens Institute,No,5,1924-1925,1927-1928,RESOLVED,Historical/non-current source identity or documented institutional lineage,,
249,249,maryland,Stony Brook,stony-brook,Stony Brook,Yes,4,2000-2001,2017-2018,RESOLVED,Current D1 registry / Maryland source normalization,,
250,250,maryland,Syracuse,syracuse,Syracuse,Yes,10,1971-1972,2024-2025,RESOLVED,Current D1 registry / Maryland source normalization,,
251,251,maryland,Tampa,tampa,Tampa,No,2,1953-1954,1970-1971,RESOLVED,Historical/non-current source identity or documented institutional lineage,,
252,252,maryland,Temple,temple,Temple,Yes,11,1948-1949,2019-2020,RESOLVED,Current D1 registry / Maryland source normalization,,
253,253,maryland,Tenn.-Chattanooga,chattanooga,Chattanooga,Yes,2,1980-1981,1982-1983,RESOLVED,Current D1 registry / Maryland source normalization,,
254,254,maryland,Tennessee,tennessee,Tennessee,Yes,5,1949-1950,2022-2023,RESOLVED,Current D1 registry / Maryland source normalization,,
255,255,maryland,Texas,texas,Texas,Yes,1,1994-1995,1994-1995,RESOLVED,Current D1 registry / Maryland source normalization,,
256,256,maryland,Texas A&M-CC,texas-a-m-corpus-christi,Texas A&M-Corpus Christi,Yes,1,2005-2006,2005-2006,RESOLVED,Current D1 registry / Maryland source normalization,,
257,257,maryland,Texas Christian,tcu,TCU,Yes,2,1988-1989,2004-2005,RESOLVED,Current D1 registry / Maryland source normalization,,
258,258,maryland,Texas Tech,texas-tech,Texas Tech,Yes,1,1954-1955,1954-1955,RESOLVED,Current D1 registry / Maryland source normalization,,
259,259,maryland,Texas-El Paso,utep,UTEP,Yes,2,1967-1968,1988-1989,RESOLVED,Current D1 registry / Maryland source normalization,,
260,260,maryland,The Citadel,the-citadel,The Citadel,Yes,3,1937-1938,2002-2003,RESOLVED,Current D1 registry / Maryland source normalization,,
261,261,maryland,Towson,towson,Towson,Yes,12,1981-1982,2016-2017,RESOLVED,Current D1 registry / Maryland source normalization,,
262,262,maryland,Towson State,towson,Towson,Yes,1,1996-1997,1996-1997,RESOLVED,Current D1 registry / Maryland source normalization,,
263,263,maryland,Tulane,tulane,Tulane,Yes,1,1999-2000,1999-2000,RESOLVED,Current D1 registry / Maryland source normalization,,
264,264,maryland,Tulsa,tulsa,Tulsa,Yes,2,1964-1965,2013-2014,RESOLVED,Current D1 registry / Maryland source normalization,,
265,265,maryland,U.S. Merch. Marines,merchant-marine,U.S. Merchant Marine Academy,No,1,1945-1946,1945-1946,RESOLVED,Historical/non-current source identity or documented institutional lineage,,
266,266,maryland,U.S. Merch.Marines,merchant-marine,U.S. Merchant Marine Academy,No,1,1944-1945,1944-1945,RESOLVED,Historical/non-current source identity or documented institutional lineage,,
267,267,maryland,U.S. Merchant Marines,merchant-marine,U.S. Merchant Marine Academy,No,2,1945-1946,1946-1947,RESOLVED,Historical/non-current source identity or documented institutional lineage,,
268,268,maryland,UAB,uab,UAB,Yes,1,2023-2024,2023-2024,RESOLVED,Current D1 registry / Maryland source normalization,,
269,269,maryland,UC Irvine,uc-irvine,UC Irvine,Yes,1,1990-1991,1990-1991,RESOLVED,Current D1 registry / Maryland source normalization,,
270,270,maryland,UC Santa Barbara,uc-santa-barbara,UC Santa Barbara,Yes,1,1987-1988,1987-1988,RESOLVED,Current D1 registry / Maryland source normalization,,
271,271,maryland,UCLA,ucla,UCLA,Yes,12,1973-1974,2025-2026,RESOLVED,Current D1 registry / Maryland source normalization,,
272,272,maryland,UConn,uconn,UConn,Yes,1,2015-2016,2015-2016,RESOLVED,Current D1 registry / Maryland source normalization,,
273,273,maryland,UMBC,umbc,UMBC,Yes,16,1986-1987,2023-2024,RESOLVED,Current D1 registry / Maryland source normalization,,
274,274,maryland,UMES,maryland-eastern-shore,Maryland Eastern Shore,Yes,17,1979-1980,2024-2025,RESOLVED,Current D1 registry / Maryland source normalization,,
275,275,maryland,UNC Asheville,unc-asheville,UNC Asheville,Yes,2,1997-1998,2004-2005,RESOLVED,Current D1 registry / Maryland source normalization,,
276,276,maryland,UNC Charlotte,charlotte,Charlotte,Yes,1,1975-1976,1975-1976,RESOLVED,Current D1 registry / Maryland source normalization,,
277,277,maryland,UNC Greensboro,unc-greensboro,UNC Greensboro,Yes,4,1991-1992,2010-2011,RESOLVED,Current D1 registry / Maryland source normalization,,
278,278,maryland,UNC Wilmington,unc-wilmington,UNC Wilmington,Yes,3,1997-1998,2011-2012,RESOLVED,Current D1 registry / Maryland source normalization,,
279,279,maryland,UNLV,unlv,UNLV,Yes,6,1977-1978,2025-2026,RESOLVED,Current D1 registry / Maryland source normalization,,
280,280,maryland,USC,usc,USC,Yes,2,2024-2025,2025-2026,RESOLVED,Current D1 registry / Maryland source normalization,,
281,281,maryland,USC Upstate,south-carolina-upstate,South Carolina Upstate,Yes,1,2014-2015,2014-2015,RESOLVED,Current D1 registry / Maryland source normalization,,
282,282,maryland,UTEP,utep,UTEP,Yes,1,2003-2004,2003-2004,RESOLVED,Current D1 registry / Maryland source normalization,,
283,283,maryland,Utah,utah,Utah,Yes,1,1994-1995,1994-1995,RESOLVED,Current D1 registry / Maryland source normalization,,
284,284,maryland,Utah State,utah-state,Utah State,Yes,1,1997-1998,1997-1998,RESOLVED,Current D1 registry / Maryland source normalization,,
285,285,maryland,VCU,vcu,VCU,Yes,1,2007-2008,2007-2008,RESOLVED,Current D1 registry / Maryland source normalization,,
286,286,maryland,VMI,vmi,VMI,Yes,53,1910-1911,2014-2015,RESOLVED,Current D1 registry / Maryland source normalization,,
287,287,maryland,Valparaiso,valparaiso,Valparaiso,Yes,2,1998-1999,2014-2015,RESOLVED,Current D1 registry / Maryland source normalization,,
288,288,maryland,Vanderbilt,vanderbilt,Vanderbilt,Yes,1,1957-1958,1957-1958,RESOLVED,Current D1 registry / Maryland source normalization,,
289,289,maryland,Vermont,vermont,Vermont,Yes,3,2006-2007,2021-2022,RESOLVED,Current D1 registry / Maryland source normalization,,
290,290,maryland,Villanova,villanova,Villanova,Yes,7,1984-1985,2024-2025,RESOLVED,Current D1 registry / Maryland source normalization,,
291,291,maryland,Virginia,virginia,Virginia,Yes,185,1912-1913,2025-2026,RESOLVED,Current D1 registry / Maryland source normalization,,
292,292,maryland,Virginia Tech,virginia-tech,Virginia Tech,Yes,43,1925-1926,2021-2022,RESOLVED,Current D1 registry / Maryland source normalization,,
293,293,maryland,Wagner,wagner,Wagner,Yes,4,1980-1981,2025-2026,RESOLVED,Current D1 registry / Maryland source normalization,,
294,294,maryland,Wake Forest,wake-forest,Wake Forest,Yes,126,1952-1953,2013-2014,RESOLVED,Current D1 registry / Maryland source normalization,,
295,295,maryland,Washington,washington,Washington,Yes,2,2024-2025,2025-2026,RESOLVED,Current D1 registry / Maryland source normalization,,
296,296,maryland,Washington & Lee,washington-and-lee,Washington & Lee,No,53,1910-1911,1953-1954,RESOLVED,Historical/non-current source identity or documented institutional lineage,,
297,297,maryland,Washington College,washington-college,Washington College,No,17,1924-1925,1941-1942,RESOLVED,Historical/non-current source identity or documented institutional lineage,,
298,298,maryland,West Virginia,west-virginia,West Virginia,Yes,39,1925-1926,2022-2023,RESOLVED,Current D1 registry / Maryland source normalization,,
299,299,maryland,Western Carolina,western-carolina,Western Carolina,Yes,3,1998-1999,2022-2023,RESOLVED,Current D1 registry / Maryland source normalization,,
300,300,maryland,Western Kentucky,western-kentucky,Western Kentucky,Yes,2,1971-1972,1977-1978,RESOLVED,Current D1 registry / Maryland source normalization,,
301,301,maryland,Western Maryland,mcdaniel,McDaniel,No,12,1926-1927,1947-1948,RESOLVED,Historical/non-current source identity or documented institutional lineage,,Western Maryland is normalized to the McDaniel institutional lineage.
302,302,maryland,Wichita State,wichita-state,Wichita State,Yes,1,1968-1969,1968-1969,RESOLVED,Current D1 registry / Maryland source normalization,,
303,303,maryland,Widener College,widener,Widener,No,2,1910-1911,1913-1914,RESOLVED,Historical/non-current source identity or documented institutional lineage,,
304,304,maryland,William & Mary,william-mary,William & Mary,Yes,31,1928-1929,2009-2010,RESOLVED,Current D1 registry / Maryland source normalization,,
305,305,maryland,Wingate,wingate,Wingate,No,1,2020-2021,2020-2021,RESOLVED,Historical/non-current source identity or documented institutional lineage,,
306,306,maryland,Winston-Salem State,winston-salem-state,Winston-Salem State,No,1,2009-2010,2009-2010,RESOLVED,Historical/non-current source identity or documented institutional lineage,,
307,307,maryland,Winthrop,winthrop,Winthrop,Yes,5,1986-1987,2014-2015,RESOLVED,Current D1 registry / Maryland source normalization,,
308,308,maryland,Wisconsin,wisconsin,Wisconsin,Yes,25,1931-1932,2025-2026,RESOLVED,Current D1 registry / Maryland source normalization,,
309,309,maryland,Woodrow Gen. Hospital,woodrow-gen-hospital,Woodrow Gen. Hospital,No,2,1943-1944,1943-1944,RESOLVED,Historical/non-current source identity or documented institutional lineage,,
310,310,maryland,Wyoming,wyoming,Wyoming,Yes,1,1960-1961,1960-1961,RESOLVED,Current D1 registry / Maryland source normalization,,
311,311,maryland,Xavier,xavier,Xavier,Yes,3,1976-1977,2016-2017,RESOLVED,Current D1 registry / Maryland source normalization,,
312,312,maryland,Yale,yale,Yale,Yes,1,1959-1960,1959-1960,RESOLVED,Current D1 registry / Maryland source normalization,,
313,313,maryland,Youngstown State,youngstown-state,Youngstown State,Yes,1,2008-2009,2008-2009,RESOLVED,Current D1 registry / Maryland source normalization,,
